,Temperature_C,pH,Cadmium Total (ug/L),Oil and Grease Total (mg/L),Arsenic Total (ug/L),Fecal Coliform (colonies/100 mL),Lead Total After 1984 (ug/L),Chromium Total (ug/L),Fecal Streptococcus (colonies/100 mL),Phosphorous Filtered as P (mg/L),N02+NO3 (mg/L as N),Nitrogen Kjeldahl Total (mg/L),Zinc Total (ug/L),COD as O2 (mg/L),Copper Total (ug/L),Phosphorous Total as P (mg/L),TSS (mg/L),TDS_mg/L,BOD5 as O2 (mg/L),Station_Name,year,date,NAME10
0,21.0,8.0,<1,<1,2,36000,65,13,25000,0.08,0.95,1.8,110,130,9,0.2,62,70,8.3,The_Parks_mall_AC603,1992,1992-10-28,"Dallas--Fort Worth--Arlington, TX"
1,17.0,7.9,<1,<1,<1,16000,16,<1,16000,0.01,0.39,0.4,40,23,2,0.06,3,62,4,The_Parks_mall_AC603,1992,1992-11-19,"Dallas--Fort Worth--Arlington, TX"
2,8.5,7.6,<1,6,1,8700,30,<1,82000,0.04,0.38,0.6,50,41,4,0.09,40,37,5.4,The_Parks_mall_AC603,1992,1992-12-09,"Dallas--Fort Worth--Arlington, TX"
3,12.0,7.5,<1,2,2,500,34,8,1700,0.03,0.34,0.6,50,39,4,0.07,15,74,,The_Parks_mall_AC603,1993,1993-01-28,"Dallas--Fort Worth--Arlington, TX"
4,12.0,6.9,<1,<1,<1,280,19,7,330000,0.04,0.9,0.8,40,33,4,0.05,10,44,4.9,The_Parks_mall_AC603,1993,1993-02-24,"Dallas--Fort Worth--Arlington, TX"
5,13.0,7.4,<1,1,1,360,12,4,5400,0.04,0.54,0.8,30,41,3,0.05,16,87,3.8,The_Parks_mall_AC603,1993,1993-03-11,"Dallas--Fort Worth--Arlington, TX"
6,20.5,7.5,<1,5,<0.5,90000,9,2,1100000,0.043,0.562,0.78,40,36,4,0.059,8,55,7.3,The_Parks_mall_AC603,1997,1997-05-09,"Dallas--Fort Worth--Arlington, TX"
7,21.0,7.4,<1,9,1,41000,14,4,100000,0.091,0.926,1.8,70,150,7,0.134,50,83,9,The_Parks_mall_AC603,1997,1997-05-15,"Dallas--Fort Worth--Arlington, TX"
8,23.5,7.5,<1,2,<0.5,30000,12,3,36000,0.06,0.797,1.3,50,57,6,0.096,17,47,8.2,The_Parks_mall_AC603,1997,1997-05-30,"Dallas--Fort Worth--Arlington, TX"
9,13.5,7.0,<1,4,<0.5,17000,20,4,31000,0.029,0.5,0.72,60,38,8,0.061,18,23,7.8,The_Parks_mall_AC603,1997,1997-12-02,"Dallas--Fort Worth--Arlington, TX"
10,9.0,7.3,<1,12,2,1300,35,7,14000,0.023,0.395,0.66,60,<10,5,0.056,53,33,2.5,The_Parks_mall_AC603,1998,1998-01-11,"Dallas--Fort Worth--Arlington, TX"
11,18.4,7.4,<1,2,1,2100,32,7,360000,0.07,0.527,1.5,80,48,7,0.195,56,46,12,The_Parks_mall_AC603,1998,1998-03-30,"Dallas--Fort Worth--Arlington, TX"
12,24.0,7.4,<1,6,<0.5,390000,27,6,72000,0.09,0.904,1.1,50,36,6,0.17,14,95,7.4,The_Parks_mall_AC603,1998,1998-09-11,"Dallas--Fort Worth--Arlington, TX"
13,16.5,7.0,<1,5,2,300,61,13,7200,0.034,0.258,0.87,110,56,24,0.213,92,24,4.4,The_Parks_mall_AC603,1999,1999-03-08,"Dallas--Fort Worth--Arlington, TX"
14,20.5,7.6,<2,128,5,21000,16,6,170000,0.17,1.13,2.59,100,79.2,12,0.37,58,120,8.3,The_Parks_mall_AC603,2000,2000-04-01,"Dallas--Fort Worth--Arlington, TX"
15,22.5,8.2,<2,32,10,5000,120,25,2700,0.09,0.39,3.66,290,25,24,0.4,218,66,11,The_Parks_mall_AC603,2000,2000-10-15,"Dallas--Fort Worth--Arlington, TX"
16,20.5,7.3,<2,295,5,600000,18,6,270000,0.05,0.24,1.34,48,26,5,<0.02,44,36,4.3,The_Parks_mall_AC603,2000,2000-10-28,"Dallas--Fort Worth--Arlington, TX"
17,7.0,7.5,<2,319,5,700,34,11,10000,<0.02,0.63,<0.2,63,45,4,0.11,59,66,4.5,The_Parks_mall_AC603,2001,2001-01-27,"Dallas--Fort Worth--Arlington, TX"
18,15.0,7.76,<2,359,10,33,<4,<2,180,0.14,0.27,2.5,28,37,3,0.25,28,100,3,The_Parks_mall_AC603,2001,2001-03-08,"Dallas--Fort Worth--Arlington, TX"
19,20.0,6.9,<1,1,1,40000,13,3,69000,0.84,0.6,1.8,70,93,8,1,61,45,8.3,R_Legacy_PK_AR602,1992,1992-10-28,"Dallas--Fort Worth--Arlington, TX"
20,12.0,7.6,<1,2,2,2200,5,<1,55000,0.4,0.55,0.9,40,67,6,0.48,30,58,,R_Legacy_PK_AR602,1993,1993-01-28,"Dallas--Fort Worth--Arlington, TX"
21,12.0,8.1,<1,<1,2,2000,6,5,30000,0.26,1,1.3,50,49,5,0.35,23,46,6.8,R_Legacy_PK_AR602,1993,1993-02-24,"Dallas--Fort Worth--Arlington, TX"
22,10.5,7.6,<1,<1,1,1500,5,3,8400,0.22,0.43,1,30,29,3,0.33,33,33,4.5,R_Legacy_PK_AR602,1993,1993-03-11,"Dallas--Fort Worth--Arlington, TX"
23,16.0,8.1,<1,<1,3,8000,6,2,34000,0.32,0.66,1.6,50,47,4,0.48,41,51,4.8,R_Legacy_PK_AR602,1993,1993-03-28,"Dallas--Fort Worth--Arlington, TX"
24,22.0,7.5,<1,4,<0.5,290000,4,2,630000,0.256,0.664,1.2,30,21,5,0.325,41,56,8.5,R_Legacy_PK_AR602,1997,1997-05-09,"Dallas--Fort Worth--Arlington, TX"
25,23.5,8.0,<1,1,1,600000,9,3,160000,0.218,0.892,1.9,70,100,10,0.368,47,60,8.3,R_Legacy_PK_AR602,1997,1997-05-30,"Dallas--Fort Worth--Arlington, TX"
26,24.0,8.1,<1,<1,1,42000,3,2,42000,0.244,0.372,0.79,40,26,6,0.244,17,43,4.8,R_Legacy_PK_AR602,1997,1997-06-22,"Dallas--Fort Worth--Arlington, TX"
27,14.5,6.7,<1,8,1,68000,5,2,17000,0.233,0.505,0.81,50,110,8,0.402,66,53,47,R_Legacy_PK_AR602,1997,1997-12-02,"Dallas--Fort Worth--Arlington, TX"
28,9.0,7.2,<1,4,4,18000,6,2,190000,0.166,0.344,1.2,40,30,4,0.331,78,37,2.4,R_Legacy_PK_AR602,1998,1998-01-11,"Dallas--Fort Worth--Arlington, TX"
29,24.0,7.5,<1,3,3,430000,13,4,49000,0.239,0.703,5.4,130,37,63,1.08,142,81,11,R_Legacy_PK_AR602,1998,1998-09-11,"Dallas--Fort Worth--Arlington, TX"
30,17.1,7.1,<0.5,4,<3,1800,5,2,51538,0.05,7.17,5.4,54,70,11,1.12,62,114,8.2,R_Legacy_PK_AR602,1999,1999-03-18,"Dallas--Fort Worth--Arlington, TX"
31,18.0,7.45,<1,411,<10,920000,16,12,200000,0.11,0.75,0.8,130,23,8,0.24,110,118,8.3,R_Legacy_PK_AR602,1999,1999-12-09,"Dallas--Fort Worth--Arlington, TX"
32,19.2,7.91,<2,218,<10,45000,<10,4,54000,0.19,0.72,2.8,113,43.7,20,0.66,188,54,8.5,R_Legacy_PK_AR602,2000,2000-04-30,"Dallas--Fort Worth--Arlington, TX"
33,23.5,7.7,<2,16,<20,65000,10,5,35000,0.09,0.85,3.25,130,47,18,0.41,126,80,5.9,R_Legacy_PK_AR602,2000,2000-10-15,"Dallas--Fort Worth--Arlington, TX"
34,7.5,7.35,<2,41,<10,5800,7,3,10000,0.04,0.59,<0.2,16,10,<4,0.19,167,57,3.2,R_Legacy_PK_AR602,2001,2001-01-27,"Dallas--Fort Worth--Arlington, TX"
35,13.9,7.41,<2,419,<20,3600,<4,<2,10000,0.23,0.37,<0.2,26,17,4,0.33,14,114,3.5,R_Legacy_PK_AR602,2001,2001-03-08,"Dallas--Fort Worth--Arlington, TX"
36,21.0,7.8,<1,<1,3,170000,24,8,320000,0.21,0.49,1.2,60,47,8,0.39,114,56,6.5,Trib_to_W_FK_Tri_AR601,1992,1992-10-29,"Dallas--Fort Worth--Arlington, TX"
37,17.0,7.4,<1,<1,2,28000,7,9,51000,0.29,0.59,0.8,50,35,4,0.33,13,61,3.9,Trib_to_W_FK_Tri_AR601,1992,1992-11-19,"Dallas--Fort Worth--Arlington, TX"
38,12.0,6.2,<1,3,3,19000,22,7,72000,0.15,0.61,0.7,90,67,8,0.2,78,49,5.2,Trib_to_W_FK_Tri_AR601,1993,1993-02-03,"Dallas--Fort Worth--Arlington, TX"
39,13.0,7.4,<1,5,3,9700,10,6,7200,0.14,0.67,0.7,40,51,5,0.2,30,73,4.5,Trib_to_W_FK_Tri_AR601,1993,1993-02-10,"Dallas--Fort Worth--Arlington, TX"
40,10.5,8.0,<1,<1,2,3700,5,2,19000,0.15,0.46,0.8,20,31,4,0.21,21,56,4.1,Trib_to_W_FK_Tri_AR601,1993,1993-03-11,"Dallas--Fort Worth--Arlington, TX"
41,15.0,7.6,<1,<1,2,25000,9,1,670000,0.21,0.57,1.2,40,480,4,0.38,27,55,4.9,Trib_to_W_FK_Tri_AR601,1993,1993-03-28,"Dallas--Fort Worth--Arlington, TX"
42,19.0,8.3,<1,4,2,16000,20,<10,24000,0.17,0.6,0.8,70,53,9,0.27,78,48,7.8,Trib_to_W_FK_Tri_AR601,1993,1993-04-14,"Dallas--Fort Worth--Arlington, TX"
43,10.0,8.5,<1,<1,<1,4200,14,14,13000,0.12,0.63,0.6,100,85,7,0.23,38,57,8.1,Trib_To_Johnson_Creek_AI604,1992,1992-12-09,"Dallas--Fort Worth--Arlington, TX"
44,10.0,7.3,<1,2,3,19000,15,16,74000,0.05,1,1,170,120,8,0.27,165,80,27,Trib_To_Johnson_Creek_AI604,1993,1993-01-09,"Dallas--Fort Worth--Arlington, TX"
45,8.5,6.5,<1,<1,2,9000,34,23,30000,0.05,0.44,1,200,120,12,0.24,282,72,10,Trib_To_Johnson_Creek_AI604,1993,1993-01-19,"Dallas--Fort Worth--Arlington, TX"
46,14.0,7.8,<1,1,3,2000,14,10,6200,0.37,0.57,0.8,140,89,7,0.62,110,85,7.8,Trib_To_Johnson_Creek_AI604,1993,1993-02-10,"Dallas--Fort Worth--Arlington, TX"
47,12.0,8.0,<1,2,1,1400,10,9,13000,0.08,1,0.9,120,85,6,0.16,53,57,8.7,Trib_To_Johnson_Creek_AI604,1993,1993-02-24,"Dallas--Fort Worth--Arlington, TX"
48,11.0,7.5,<1,<1,2,1000,7,2,2800,0.08,0.43,0.9,100,190,5,0.21,84,94,8.3,Trib_To_Johnson_Creek_AI604,1993,1993-03-11,"Dallas--Fort Worth--Arlington, TX"
49,10.5,6.8,<1,1,2,13000,12,2,5800,0.05,0.62,0.8,100,5,5,0.13,84,59,7,Trib_To_Johnson_Creek_AI604,1993,1993-03-28,"Dallas--Fort Worth--Arlington, TX"
50,21.0,7.7,<1,2,1,9700,39,8,37000,0.06,0.32,0.7,100,63,11,0.17,125,31,3.5,Joes_Cr_138,1992,1992-03-03,"Dallas--Fort Worth--Arlington, TX"
51,14.5,8.0,<1,1,2,3200,33,8,10000,0.2,0.6,0.9,110,100,10,0.33,172,70,7.5,Joes_Cr_138,1992,1992-03-17,"Dallas--Fort Worth--Arlington, TX"
52,25.0,8.1,1,<1,2,10000,44,12,18000,0.39,0.82,1,170,95,14,0.49,221,65,7.2,Joes_Cr_138,1992,1992-04-17,"Dallas--Fort Worth--Arlington, TX"
53,22.0,8.0,8,<1,<1,36000,20,5,15000,0.07,0.3,0.3,70,42,8,0.08,98,27,5,Joes_Cr_138,1992,1992-06-06,"Dallas--Fort Worth--Arlington, TX"
54,27.0,7.8,2,<1,2,1500,25,3,3000,0.36,0.84,1.3,140,80,16,0.45,90,92,8.4,Joes_Cr_138,1992,1992-07-27,"Dallas--Fort Worth--Arlington, TX"
55,24.5,8.0,<1,<1,<1,9700,<1,4,8000,0.23,0.35,1,110,58,4,0.3,62,46,6.5,Joes_Cr_138,1992,1992-09-21,"Dallas--Fort Worth--Arlington, TX"
56,15.5,8.6,<1,<1,2,1200,28,9,7800,0.04,0.73,0.5,110,65,16,0.11,191,84,8.6,Bastille_St_325,1992,1992-03-03,"Dallas--Fort Worth--Arlington, TX"
57,17.0,9.0,<1,<1,1,2500,14,4,17000,0.03,0.48,0.7,50,30,10,0.11,48,63,3.9,Bastille_St_325,1992,1992-03-09,"Dallas--Fort Worth--Arlington, TX"
58,23.5,8.0,<1,<1,2,19000,23,3,20000,0.06,0.7,0.4,120,56,23,0.06,68,94,6.3,Bastille_St_325,1992,1992-05-14,"Dallas--Fort Worth--Arlington, TX"
59,22.5,8.0,<1,<1,1,22000,44,20,32000,0.04,0.66,0.6,90,43,21,0.13,189,69,3.6,Bastille_St_325,1992,1992-06-01,"Dallas--Fort Worth--Arlington, TX"
60,30.0,8.4,<1,<1,1,13000,12,2,8900,0.05,0.68,0.5,50,25,13,0.06,36,58,4.8,Bastille_St_325,1992,1992-06-06,"Dallas--Fort Worth--Arlington, TX"
61,25.0,8.3,<1,<1,1,8000,47,8,1600,0.05,0.49,0.5,130,33,30,0.05,177,72,6.8,Bastille_St_325,1992,1992-07-27,"Dallas--Fort Worth--Arlington, TX"
62,21.5,7.2,<1,5,1,35000,6,4,52000,0.045,0.734,0.8,50,24,15,0.111,40,67,3.3,Bastille_St_325,1997,1997-05-09,"Dallas--Fort Worth--Arlington, TX"
63,22.0,8.8,<1,3,5,140000,27,8,15000,0.121,0.763,1.4,90,34,19,0.458,236,59,5.8,Bastille_St_325,1997,1997-05-15,"Dallas--Fort Worth--Arlington, TX"
64,27.5,8.6,<1,1,2,19000,11,3,19000,0.018,0.821,0.1,80,33,23,,54,68,5.2,Bastille_St_325,1997,1997-06-26,"Dallas--Fort Worth--Arlington, TX"
65,27.6,7.7,<1,<1,2,5400,14,4,11000,0.088,0.934,1.6,80,38,27,0.196,53,73,7.2,Bastille_St_325,1997,1997-09-03,"Dallas--Fort Worth--Arlington, TX"
66,17.5,8.0,<1,<1,2,7700,10,3,12000,0.029,0.397,0.63,50,17,15,0.128,55,51,2,Bastille_St_325,1997,1997-11-28,"Dallas--Fort Worth--Arlington, TX"
67,13.5,7.5,<1,<1,<5,2500000,4,2,1300,0.049,0.389,1.5,40,28,11,0.17,24,65,3.4,Bastille_St_325,1997,1997-12-20,"Dallas--Fort Worth--Arlington, TX"
68,26.0,7.9,<1,3,2,57000,12,3,13000,0.059,0.453,1.2,80,<10,26,0.205,95,55,5.3,Bastille_St_325,1998,1998-06-10,"Dallas--Fort Worth--Arlington, TX"
69,21.3,7.6,<1,5,2,17000,5,6,12000,0.066,0.566,0.61,30,11,12,0.115,34,105,4.8,Bastille_St_325,1998,1998-10-05,"Dallas--Fort Worth--Arlington, TX"
70,15.0,7.8,<1,9,2,4500,13,4,14000,0.079,0.396,0.73,80,21,17,0.201,144,44,4.5,Bastille_St_325,1999,1999-03-08,"Dallas--Fort Worth--Arlington, TX"
71,13.2,8.7,1,191,<5,250000,48,31,30000,0.1,1.1,1.14,149,19,27,0.9,222,198,9.2,Bastille_St_325,2000,2000-01-07,"Dallas--Fort Worth--Arlington, TX"
72,7.5,6.9,<2,10,<10,230,8,5,2700,0.07,0.56,<0.2,46,14,7,0.17,79,125,2.7,Bastille_St_325,2001,2001-01-27,"Dallas--Fort Worth--Arlington, TX"
73,14.8,8.2,<2,408,<20,3500,14,<2,10000,0.02,0.39,2.9,85,17,14,0.27,40,130,4.2,Bastille_St_325,2001,2001-03-08,"Dallas--Fort Worth--Arlington, TX"
74,14.5,7.1,0.5,2,1,8700,13,4,8300,0.16,0.666,1,70,80,13,0.246,26,113,40,Knights_Branch_34,1997,1997-12-02,"Dallas--Fort Worth--Arlington, TX"
75,9.0,7.3,0.5,4,1,9300,11,3,32000,0.148,0.412,0.88,60,52,10,0.254,36,74,21,Knights_Branch_34,1997,1997-12-07,"Dallas--Fort Worth--Arlington, TX"
76,12.5,7.2,0.5,4,3,640000,29,5,24000,0.084,1.07,1,150,84,19,0.282,76,151,7.6,Knights_Branch_34,1998,1998-01-21,"Dallas--Fort Worth--Arlington, TX"
77,23.5,7.0,0.5,1,3,230000,46,8,110000,0.297,1.22,5.2,230,170,41,0.851,138,155,24,Knights_Branch_34,1998,1998-05-08,"Dallas--Fort Worth--Arlington, TX"
78,17.5,7.8,0.5,3,2,11000,26,5,10000,0.032,1.32,1.9,5,23,21,0.342,150,215,12,Knights_Branch_34,1999,1999-02-06,"Dallas--Fort Worth--Arlington, TX"
79,13.5,7.4,0.5,<1,1,600000,78,11,170000,0.171,0.598,3.1,220,65,35,0.916,300,65,8.7,Knights_Branch_34,1999,1999-03-08,"Dallas--Fort Worth--Arlington, TX"
80,18.0,7.3,0.5,4,1.5,6700,19,14,52000,0.03,1.02,4.5,121,85,28,0.99,78,142,8.6,Knights_Branch_34,1999,1999-03-18,"Dallas--Fort Worth--Arlington, TX"
81,18.1,7.4,0.8,3,7,15000,351,6.5,93846,0.13,0.66,6.5,276,154,73,1.3,392,164,8.4,Knights_Branch_34,1999,1999-04-03,"Dallas--Fort Worth--Arlington, TX"
82,19.3,7.56,0.5,193,5,20000,10,4,8700,0.11,0.5,2.4,90,27,1,0.24,66,264,8.6,Knights_Branch_34,1999,1999-12-04,"Dallas--Fort Worth--Arlington, TX"
83,17.0,7.5,0.5,146,5,31000,29,7,12000,0.12,0.43,1.9,140,20.9,4,0.11,146,70,8.3,Knights_Branch_34,1999,1999-12-09,"Dallas--Fort Worth--Arlington, TX"
84,12.9,,0.5,63,2.5,5900,11,5,13000,0.13,0.87,1.28,81,24,14,0.18,46,80,8.2,Knights_Branch_34,1999,1999-12-17,"Dallas--Fort Worth--Arlington, TX"
85,5.6,7.8,1,438,5,18000,5,4,24000,0.17,1.05,4.3,100,31.8,10,0.72,79,140,8.2,Knights_Branch_34,2000,2000-01-27,"Dallas--Fort Worth--Arlington, TX"
86,19.6,7.78,1,48,5,310000,20,8,340000,0.19,0.9,2.6,150,60.1,25,0.47,148,118,9.4,Knights_Branch_34,2000,2000-04-11,"Dallas--Fort Worth--Arlington, TX"
87,21.5,7.87,1,232,10,67000,40,10,270000,0.12,0.52,2.94,220,30,32,0.36,182,70,7.4,Knights_Branch_34,2000,2000-10-15,"Dallas--Fort Worth--Arlington, TX"
88,19.0,7.6,1,136,5,100000,22,9,150000,0.08,0.36,1.31,100,41,33,0.41,116,53,6,Knights_Branch_34,2000,2000-10-29,"Dallas--Fort Worth--Arlington, TX"
89,10.0,8.0,1,163,20,900,30,14,1700,0.02,1.3,0.15,180,37,21,0.38,216,664,8,Knights_Branch_34,2001,2001-01-10,"Dallas--Fort Worth--Arlington, TX"
90,14.5,7.9,1,353,10,6700,21,3,35000,0.15,0.84,2.5,104,62,16,0.47,84,227,7,Knights_Branch_34,2001,2001-03-08,"Dallas--Fort Worth--Arlington, TX"
91,13.0,8.0,1,301,10,13000,21,3,120000,0.23,0.98,3.7,130,87,18,0.69,140,126,20,Knights_Branch_34,2001,2001-03-24,"Dallas--Fort Worth--Arlington, TX"
92,11.0,7.78,1,211,20,2300,5,3,24000,0.13,0.84,0.1,43,15,10,0.34,34,133,,Knights_Branch_34,2001,2001-03-27,"Dallas--Fort Worth--Arlington, TX"
93,13.0,7.7,<1,<1,<1,2300,7,<1,11000,0.06,0.88,1.3,50,45,,0.15,<5,38,11,White_Rock_Creek_86,1992,1992-03-24,"Dallas--Fort Worth--Arlington, TX"
94,15.5,7.7,<1,2,<1,310,7,2,8500,0.07,0.69,0.9,50,38,13,0.08,30,43,7.6,White_Rock_Creek_86,1992,1992-04-06,"Dallas--Fort Worth--Arlington, TX"
95,18.5,7.2,<1,<1,<1,11000,5,<1,78000,0.06,0.45,0.4,40,23,4,0.08,<5,41,4.1,White_Rock_Creek_86,1992,1992-11-19,"Dallas--Fort Worth--Arlington, TX"
96,9.5,8.4,<1,2,<1,4700,16,8,67000,0.01,0.52,0.5,90,47,6,0.07,39,35,3.7,White_Rock_Creek_86,1993,1993-01-09,"Dallas--Fort Worth--Arlington, TX"
97,6.5,8.1,<1,2,25,1700,61,100,36000,0.02,0.24,1,220,91,82,0.48,92,29,2.7,White_Rock_Creek_86,1993,1993-01-19,"Dallas--Fort Worth--Arlington, TX"
98,13.0,7.8,<1,4,1,2100,15,11,150000,0.03,0.53,1.3,150,110,32,0.25,24,63,5.1,White_Rock_Creek_86,1993,1993-02-10,"Dallas--Fort Worth--Arlington, TX"
99,18.5,7.7,<1,6,1,2100,10,2,24000,0.03,0.19,0.5,140,38,9,0.07,26,47,8.1,White_Rock_Creek_86,1997,1997-04-03,"Dallas--Fort Worth--Arlington, TX"
100,21.5,7.3,<1,4,<0.5,42000,4,2,82000,0.05,0.617,0.64,50,49,9,0.066,8,57,7.2,White_Rock_Creek_86,1997,1997-05-09,"Dallas--Fort Worth--Arlington, TX"
101,23.0,8.4,<1,3,<0.5,120000,6,2,18000,0.05,0.824,0.7,50,56,9,0.082,11,56,6.2,White_Rock_Creek_86,1997,1997-05-30,"Dallas--Fort Worth--Arlington, TX"
102,19.0,8.2,<1,7,1,7400,22,6,39000,0.014,0.381,0.86,130,58,13,0.172,102,33,5.2,White_Rock_Creek_86,1997,1997-11-28,"Dallas--Fort Worth--Arlington, TX"
103,14.0,8.0,<1,4,0.5,23000,8,2,13000,0.025,0.511,0.57,50,30,6,0.049,5,35,6.1,White_Rock_Creek_86,1997,1997-12-02,"Dallas--Fort Worth--Arlington, TX"
104,12.5,7.8,<1,2,1,1800,12,5,350000,0.052,0.887,0.7,70,50,12,0.111,29,74,7.4,White_Rock_Creek_86,1998,1998-02-10,"Dallas--Fort Worth--Arlington, TX"
105,17.0,7.5,<1,1,3,14000,27,8,29000,0.076,0.407,1.7,150,21,17,0.489,228,44,7.2,White_Rock_Creek_86,1998,1998-11-29,"Dallas--Fort Worth--Arlington, TX"
106,14.0,7.8,2,3,9,9700,300,67,21000,0.038,0.361,4,560,52,74,,640,35,8.9,White_Rock_Creek_86,1999,1999-03-08,"Dallas--Fort Worth--Arlington, TX"
107,15.8,9.1,<2,138,<10,7000,10,10,1300,0.09,0.4,1.2,270,75.9,21,0.37,232,46,7.4,White_Rock_Creek_86,2000,2000-04-11,"Dallas--Fort Worth--Arlington, TX"
108,,8.0,<2,20,<20,11000,<10,<4,20000,<0.02,0.32,0.36,80,17,14,0.11,100,36,4.1,White_Rock_Creek_86,2000,2000-10-15,"Dallas--Fort Worth--Arlington, TX"
109,17.0,8.33,<2,210,<80,9300,<4,<4,20000,<0.02,0.35,1.15,40,35,<10,0.19,20,70,12,White_Rock_Creek_86,2001,2001-04-11,"Dallas--Fort Worth--Arlington, TX"
110,16.0,7.9,<1,<1,3,2300,33,8,18000,0.19,0.5,0.9,70,84,10,0.27,320,89,7,Ash_Creek_55,1992,1992-02-22,"Dallas--Fort Worth--Arlington, TX"
111,18.5,7.7,<1,<1,4,62000,51,16,350000,0.29,0.63,1.8,110,160,10,0.47,103,100,19,Ash_Creek_55,1992,1992-03-17,"Dallas--Fort Worth--Arlington, TX"
112,15.0,9.9,<1,1,4,13000,19,2,45000,0.35,0.76,1.9,50,90,8,0.39,65,100,8.1,Ash_Creek_55,1992,1992-04-06,"Dallas--Fort Worth--Arlington, TX"
113,22.0,6.4,<1,<1,4,140000,89,13,100000,0.36,1,2.5,140,190,16,0.48,284,103,7.6,Ash_Creek_55,1992,1992-05-14,"Dallas--Fort Worth--Arlington, TX"
114,21.5,6.7,<1,<1,4,170000,66,8,510000,0.24,0.58,0.8,100,64,12,0.25,352,54,7.5,Ash_Creek_55,1992,1992-06-06,"Dallas--Fort Worth--Arlington, TX"
115,23.5,7.5,<1,<1,2,14000,21,4,35000,0.27,0.37,1.4,40,47,8,0.45,55,51,6.8,Ash_Creek_55,1992,1992-09-21,"Dallas--Fort Worth--Arlington, TX"
116,16.0,7.4,<1,1,1,2200,48,3,25000,0.2,0.33,1.9,100,92,12,0.5,209,53,6.5,Newton_Creek_189,1992,1992-02-22,"Dallas--Fort Worth--Arlington, TX"
117,18.0,8.5,<1,<1,2,220000,46,7,220000,0.12,0.39,1.7,180,110,14,0.35,230,40,8.1,Newton_Creek_189,1992,1992-03-09,"Dallas--Fort Worth--Arlington, TX"
118,16.5,7.4,<1,4,1,7000,17,3,29000,0.19,0.38,1.1,70,,11,0.28,59,61,8,Newton_Creek_189,1992,1992-04-06,"Dallas--Fort Worth--Arlington, TX"
119,19.5,8.3,<1,8,<1,200000,48,5,330000,0.2,0.47,1.5,130,140,13,0.3,228,66,3.9,Newton_Creek_189,1992,1992-04-28,"Dallas--Fort Worth--Arlington, TX"
120,27.0,8.2,<1,6,3,46000,41,1,16000,0.2,0.39,1.7,60,59,7,0.37,100,60,,Newton_Creek_189,1992,1992-07-18,"Dallas--Fort Worth--Arlington, TX"
121,27.0,8.1,<1,10,2,490000,39,7,260000,0.17,0.27,1.1,140,110,13,0.29,365,35,12,Newton_Creek_189,1992,1992-09-01,"Dallas--Fort Worth--Arlington, TX"
122,24.5,7.4,<1,5,2,260000,57,10,300000,0.23,0.34,2,170,100,14,0.53,5,959,6.8,Newton_Creek_189,1992,1992-09-21,"Dallas--Fort Worth--Arlington, TX"
123,17.0,7.7,<1,70,7,330000,25,4,180000,0.243,0.616,2.9,60,79,9,0.598,152,62,8.2,Newton_Creek_189,1997,1997-04-11,"Dallas--Fort Worth--Arlington, TX"
124,20.0,7.1,<1,2,<1,150000,6,1,280000,0.137,0.721,0.95,30,67,5,0.217,31,76,7.8,Newton_Creek_189,1997,1997-05-09,"Dallas--Fort Worth--Arlington, TX"
125,24.0,7.6,<1,3,3,48000,37,8,74000,0.181,0.458,1.4,110,69,17,0.312,73,78,7.9,Newton_Creek_189,1997,1997-07-05,"Dallas--Fort Worth--Arlington, TX"
126,14.0,7.1,<1,4,<1,10000,7,1,28000,0.057,0.298,0.56,30,34,5,0.099,12,40,9.6,Newton_Creek_189,1997,1997-12-02,"Dallas--Fort Worth--Arlington, TX"
127,13.0,7.7,<1,5,2,1600,17,3,12000,0.078,0.686,1.2,90,61,9,0.259,73,68,6.6,Newton_Creek_189,1998,1998-02-10,"Dallas--Fort Worth--Arlington, TX"
128,11.8,7.9,<1,3,1,10000,12,1,130000,0.06,0.568,0.95,40,33,6,0.196,54,58,4,Newton_Creek_189,1998,1998-02-21,"Dallas--Fort Worth--Arlington, TX"
129,16.5,7.5,<1,3,<1,51000,9,2,190000,0.127,0.388,1.5,40,26,6,0.35,58,49,11,Newton_Creek_189,1998,1998-11-29,"Dallas--Fort Worth--Arlington, TX"
130,13.5,6.9,1,<1,4,9300,120,10,140000,0.151,0.39,5.5,260,74,300,1.48,350,38,8.8,Newton_Creek_189,1999,1999-03-08,"Dallas--Fort Worth--Arlington, TX"
131,12.0,7.6,<1,58,<5,2500,11,4,11000,0.1,0.6,1.13,55,22,9,0.22,64,40,8.1,Newton_Creek_189,1999,1999-12-18,"Dallas--Fort Worth--Arlington, TX"
132,22.5,7.87,<2,14,<20,81000,50,7,24000,0.05,0.23,3.68,260,27,41,0.64,280,42,5,Newton_Creek_189,2000,2000-10-15,"Dallas--Fort Worth--Arlington, TX"
133,14.2,7.6,<2,93,<20,1500,7,<2,25000,0.02,0.54,0.1,74,57,8,0.66,122,158,5.9,Newton_Creek_189,2001,2001-03-08,"Dallas--Fort Worth--Arlington, TX"
134,26.5,7.5,<1,7,5,22000,53,10,10000,0.123,1.37,5.6,250,91,20,1.09,146,264,7.5,Mountain_Creek_DH902,1997,1997-09-03,"Dallas--Fort Worth--Arlington, TX"
135,17.5,7.7,<1,1,<1,10000,8,2,22000,0.075,0.811,2,40,63,11,0.198,44,451,,Mountain_Creek_DH902,1997,1997-10-21,"Dallas--Fort Worth--Arlington, TX"
136,12.5,7.5,<1,1,<1,2600,5,0.5,19000,0.064,0.449,0.98,20,34,6,0.086,13,513,4.4,Mountain_Creek_DH902,1997,1997-12-02,"Dallas--Fort Worth--Arlington, TX"
137,18.4,7.6,<1,2,1,61000,12,4,300000,0.028,0.504,2.2,80,74,10,0.246,138,634,14,Mountain_Creek_DH902,1998,1998-03-30,"Dallas--Fort Worth--Arlington, TX"
138,22.6,7.7,3,4,8,160000,450,50,160000,0.15,1.98,5.8,840,40,85,1.69,336,168,9.6,Mountain_Creek_DH902,1998,1998-10-02,"Dallas--Fort Worth--Arlington, TX"
139,19.6,7.7,<1,2,3,20000,25,4,58000,0.066,1.3,2.1,60,20,9,0.394,290,448,4,Mountain_Creek_DH902,1998,1998-11-01,"Dallas--Fort Worth--Arlington, TX"
140,16.5,7.6,<1,<1,8,14000,82,14,140000,0.054,0.423,2.9,240,11,26,1.47,448,252,6,Mountain_Creek_DH902,1998,1998-11-29,"Dallas--Fort Worth--Arlington, TX"
141,16.0,7.7,<0.5,4,<3,700,7,2,6461,<0.03,0.23,3,46,16,12,1,50,932,7.7,Mountain_Creek_DH902,1999,1999-03-18,"Dallas--Fort Worth--Arlington, TX"
142,17.5,7.9,2,383,<10,7200,175,25,21000,0.11,0.34,8.8,570,18.7,35,0.06,496,144,8,Mountain_Creek_DH902,1999,1999-12-09,"Dallas--Fort Worth--Arlington, TX"
143,19.5,8.4,3,155,10,150000,61,30,520000,0.03,0.41,3.55,332,54,29,2.29,1114,149,6.6,Mountain_Creek_DH902,2000,2000-10-29,"Dallas--Fort Worth--Arlington, TX"
144,6.0,8.3,<2,26,<10,900,8,8,29000,<0.02,0.3,<0.2,30,21,6,<0.02,14,1980,4,Mountain_Creek_DH902,2001,2001-01-27,"Dallas--Fort Worth--Arlington, TX"
145,14.0,8.8,<2,176,<20,33,<4,<2,800,<0.02,0.15,<0.2,35,35,8,0.32,152,530,6.2,Mountain_Creek_DH902,2001,2001-03-08,"Dallas--Fort Worth--Arlington, TX"
146,8.5,7.4,<1,3,2,14000,23,5,15000,0.08,0.224,0.99,100,46,14,0.209,78,108,3.3,Bachman_Branch_DH901,1998,1998-01-11,"Dallas--Fort Worth--Arlington, TX"
147,17.0,7.3,<0.5,2,<3,15666,20,7.2,51000,0.04,0.73,3.1,199,93,28.7,0.22,143,114,8.8,Bachman_Branch_DH901,1999,1999-04-14,"Dallas--Fort Worth--Arlington, TX"
148,18.0,8.4,<1,69,<10,97000,30,15,50000,0.21,1.1,2.3,400,40.9,15,0.48,209,178,8.7,Bachman_Branch_DH901,1999,1999-12-04,"Dallas--Fort Worth--Arlington, TX"
149,16.0,7.26,<2,<1,<20,370000,5,5,83000,0.04,3.4,5.24,60,79.5,26,0.03,45,380,,Bachman_Branch_DH901,2000,2000-10-06,"Dallas--Fort Worth--Arlington, TX"
150,13.5,7.6,<2,12,<20,32000,20,8,20000,0.02,1.15,<0.28,140,22,23,0.12,134,147,,Bachman_Branch_DH901,2000,2000-11-12,"Dallas--Fort Worth--Arlington, TX"
151,13.3,7.66,<2,94,<20,410,<4,2,3500,<0.02,1.46,2.1,109,73,20,0.25,68,378,11,Bachman_Branch_DH901,2001,2001-03-08,"Dallas--Fort Worth--Arlington, TX"
152,16.0,8.4,<1,<1,2,1000,6,4,18000,0.17,0.28,0.7,40,34,8,0.2,74,58,5.3,Clear_FK_Trin_R_TRI_STG1,1992,1992-02-22,"Dallas--Fort Worth--Arlington, TX"
153,17.5,8.7,<1,2,3,150,5,4,46000,0.54,0.37,1.7,30,40,4,0.69,74,36,7.4,Clear_FK_Trin_R_TRI_STG1,1992,1992-03-09,"Dallas--Fort Worth--Arlington, TX"
154,15.0,7.5,<1,<1,2,2500,4,3,17000,0.23,0.88,1.6,50,54,11,0.29,51,60,8.2,Clear_FK_Trin_R_TRI_STG1,1992,1992-04-05,"Dallas--Fort Worth--Arlington, TX"
155,22.0,8.6,<1,<1,1,200000,11,5,330000,0.13,0.51,0.7,70,72,16,0.17,219,70,8.1,Clear_FK_Trin_R_TRI_STG1,1992,1992-04-28,"Dallas--Fort Worth--Arlington, TX"
156,25.0,9.6,<1,<1,5,80000,4,3,250000,0.18,0.71,0.8,40,36,7,0.18,134,58,4.1,Clear_FK_Trin_R_TRI_STG1,1992,1992-06-06,"Dallas--Fort Worth--Arlington, TX"
157,24.0,8.2,<1,<1,1,11000,2,2,20000,0.17,0.63,1,30,43,5,0.23,44,73,8.9,Clear_FK_Trin_R_TRI_STG1,1992,1992-06-21,"Dallas--Fort Worth--Arlington, TX"
158,29.0,7.8,<1,<1,11,63000,4,<1,93000,0.22,0.81,0.8,50,45,5,0.29,32,74,6.7,Clear_FK_Trin_R_TRI_STG1,1992,1992-08-12,"Dallas--Fort Worth--Arlington, TX"
159,10.5,8.6,<1,<1,3,320,3,2,2600,0.06,1.1,0.5,20,36,5,0.1,23,318,10,Pylon_St_PY1,1992,1992-02-03,"Dallas--Fort Worth--Arlington, TX"
160,16.0,7.6,<1,1,1,1600,32,7,8400,0.2,0.61,0.8,110,86,18,0.32,98,89,8.8,Pylon_St_PY1,1992,1992-02-22,"Dallas--Fort Worth--Arlington, TX"
161,16.0,7.7,<1,<1,1,4100,14,4,17000,0.06,0.71,0.8,70,73,8,0.66,25,135,10,Pylon_St_PY1,1992,1992-03-03,"Dallas--Fort Worth--Arlington, TX"
162,18.0,8.0,<1,<1,2,18000,10,3,33000,0.32,0.65,1.1,120,55,8,0.41,74,137,8.7,Pylon_St_PY1,1992,1992-04-17,"Dallas--Fort Worth--Arlington, TX"
163,21.0,8.2,<1,<1,2,5400,12,1,65000,0.42,1.1,1.2,110,97,9,0.44,27,116,7.6,Pylon_St_PY1,1992,1992-05-14,"Dallas--Fort Worth--Arlington, TX"
164,21.5,7.9,<1,<1,<1,290000,6,2,150000,0.08,0.48,0.5,40,34,4,0.11,29,92,9.1,Pylon_St_PY1,1992,1992-06-06,"Dallas--Fort Worth--Arlington, TX"
165,24.0,8.2,<1,<1,1,17000,26,7,10000,0.14,0.31,0.7,80,43,7,0.2,171,48,7,Pylon_St_PY1,1992,1992-09-21,"Dallas--Fort Worth--Arlington, TX"
166,7.0,7.7,<1,4,2,5900,9,4,960000,0.181,1.16,0.63,60,57,8,0.395,65,86,8,Pylon_St_PY1,1997,1997-02-06,"Dallas--Fort Worth--Arlington, TX"
167,9.0,8.8,<1,2,10,1400,15,14,100000,0.08,1.9,1.1,70,31,9,0.19,916,109,4.9,Pylon_St_PY1,1997,1997-02-12,"Dallas--Fort Worth--Arlington, TX"
168,19.0,7.8,<1,2,1,3400,5,4,1300000,0.08,0.73,1.2,60,110,9,0.16,60,125,7.8,Pylon_St_PY1,1997,1997-04-03,"Dallas--Fort Worth--Arlington, TX"
169,23.0,7.6,<1,2,2,250000,9,5,150000,0.387,0.665,1.1,90,54,7,0.546,111,73,7.8,Pylon_St_PY1,1997,1997-05-30,"Dallas--Fort Worth--Arlington, TX"
170,21.5,8.2,<1,<1,4,140000,21,12,48000,0.034,1.04,1.8,100,51,11,0.326,442,78,6.3,Pylon_St_PY1,1997,1997-06-10,"Dallas--Fort Worth--Arlington, TX"
171,12.0,7.6,<1,2,1,20000,3,3,25000,0.08,0.634,0.64,40,20,5,0.162,37,93,5,Pylon_St_PY1,1997,1997-12-02,"Dallas--Fort Worth--Arlington, TX"
172,16.8,7.5,<1,1,2,6400,9,4,8200,0.206,1.39,1.7,100,72,9,0.331,126,118,14,Pylon_St_PY1,1998,1998-04-20,"Dallas--Fort Worth--Arlington, TX"
173,19.5,8.0,<1,6,3,13000,7,6,12000,0.043,0.442,0.72,50,<10,6,0.204,318,82,3.4,Pylon_St_PY1,1998,1998-11-01,"Dallas--Fort Worth--Arlington, TX"
174,12.0,7.6,<1,14,4,2600,19,14,45000,0.069,0.927,2.1,100,60,12,0.462,519,173,4.2,Pylon_St_PY1,1999,1999-03-08,"Dallas--Fort Worth--Arlington, TX"
175,16.0,7.9,<2,22,<10,1600,<10,4,9100,0.1,0.83,0.7,90,43.9,9,0.4,78,120,8.9,Pylon_St_PY1,2000,2000-03-07,"Dallas--Fort Worth--Arlington, TX"
176,11.5,8.0,<2,2,<20,5600,<10,6,41000,0.02,0.66,0.28,40,17,6,0.09,91,93,,Pylon_St_PY1,2000,2000-11-12,"Dallas--Fort Worth--Arlington, TX"
177,7.0,8.52,<2,299,<10,970,<4,6,3200,0.06,1.55,<0.2,52,29,4,0.06,38,195,8.9,Pylon_St_PY1,2001,2001-01-27,"Dallas--Fort Worth--Arlington, TX"
178,15.0,8.2,<2,390,<20,700,<4,<2,1800,0.09,0.82,1.2,49,25,3,0.23,68,170,3.2,Pylon_St_PY1,2001,2001-03-08,"Dallas--Fort Worth--Arlington, TX"
179,15.5,8.4,<1,1,1,19000,74,8,33000,0.13,0.32,0.9,150,70,11,0.21,119,55,7.7,West_Fk_Trinity_R_BEL1,1992,1992-03-09,"Dallas--Fort Worth--Arlington, TX"
180,15.0,7.5,1,2,1,9700,130,8,100000,0.31,1.2,4.2,290,180,,0.74,<5,128,15,West_Fk_Trinity_R_BEL1,1992,1992-03-24,"Dallas--Fort Worth--Arlington, TX"
181,23.0,8.1,1,<1,1,810000,100,4,270000,0.47,1.2,1.8,250,160,22,0.54,146,132,7.6,West_Fk_Trinity_R_BEL1,1992,1992-05-14,"Dallas--Fort Worth--Arlington, TX"
182,20.5,8.3,<1,<1,<1,68000,47,2,49000,0.2,0.82,0.9,130,64,11,0.24,85,48,10,West_Fk_Trinity_R_BEL1,1992,1992-06-06,"Dallas--Fort Worth--Arlington, TX"
183,23.0,7.7,<1,2,<1,9000,47,2,23000,0.25,0.74,1.5,130,110,15,0.29,68,105,16,West_Fk_Trinity_R_BEL1,1992,1992-06-21,"Dallas--Fort Worth--Arlington, TX"
184,24.0,7.3,<1,2,3,440000,31,<1,350000,0.24,1.3,1.4,260,140,14,0.38,74,151,7.2,West_Fk_Trinity_R_BEL1,1992,1992-08-18,"Dallas--Fort Worth--Arlington, TX"
185,19.5,8.7,<1,1,2,200000,56,3,160000,0.13,0.58,1.2,110,93,11,0.28,89,71,7.7,West_Fk_Trinity_R_BEL1,1992,1992-10-28,"Dallas--Fort Worth--Arlington, TX"
186,13.0,7.9,4,<1,4,8300,270,100,17000,0.05,0.9,2,1400,250,,0.53,2490,46,7.2,Dry_Branch_CRA1,1992,1992-03-24,"Dallas--Fort Worth--Arlington, TX"
187,27.0,7.5,<1,2,1,70,250,18,33,0.04,0.37,0.7,730,55,27,0.19,294,45,6.2,Dry_Branch_CRA1,1992,1992-09-10,"Dallas--Fort Worth--Arlington, TX"
188,25.0,7.6,1,<1,1,7700,36,12,16000,0.09,0.64,0.8,370,81,19,0.18,343,74,8.1,Dry_Branch_CRA1,1992,1992-10-15,"Dallas--Fort Worth--Arlington, TX"
189,19.0,8.6,2,4,4,50000,62,46,50000,0.07,0.59,0.9,550,89,37,0.26,576,67,5.8,Dry_Branch_CRA1,1992,1992-10-28,"Dallas--Fort Worth--Arlington, TX"
190,16.5,8.8,1,<1,1,29000,24,18,28000,0.1,0.81,0.7,230,59,13,0.16,209,69,6.9,Dry_Branch_CRA1,1992,1992-11-19,"Dallas--Fort Worth--Arlington, TX"
191,9.5,6.6,<1,2,2,1000,28,16,6600,0.08,0.63,0.6,370,61,24,0.18,207,79,8.5,Dry_Branch_CRA1,1992,1992-12-09,"Dallas--Fort Worth--Arlington, TX"
192,10.5,7.5,<1,6,3,120,25,9,8200,0.06,0.76,1.2,260,56,27,0.22,140,116,7.4,Dry_Branch_CRA1,1997,1997-02-24,"Dallas--Fort Worth--Arlington, TX"
193,12.0,7.2,5,2,4,520,38,9,38000,0.06,0.85,1.2,430,73,30,0.14,167,141,8.1,Dry_Branch_CRA1,1997,1997-03-02,"Dallas--Fort Worth--Arlington, TX"
194,19.0,7.8,1,3,5,4100,58,14,6000000,0.06,0.809,0.69,410,97,29,0.105,338,112,6.9,Dry_Branch_CRA1,1997,1997-04-03,"Dallas--Fort Worth--Arlington, TX"
195,23.0,7.7,<1,5,3,180000,16,6,160000,0.066,1.14,0.59,230,50,16,0.088,150,87,6.4,Dry_Branch_CRA1,1997,1997-05-30,"Dallas--Fort Worth--Arlington, TX"
196,22.0,8.3,<1,<1,2,73000,20,7,560000,0.056,0.828,0.4,170,35,14,0.046,188,77,5.2,Dry_Branch_CRA1,1997,1997-06-09,"Dallas--Fort Worth--Arlington, TX"
197,17.0,8.1,<1,1,2,52000,25,6,140000,0.085,0.651,0.85,180,31,17,0.304,188,71,4.6,Dry_Branch_CRA1,1997,1997-10-23,"Dallas--Fort Worth--Arlington, TX"
198,27.1,7.9,1,3,4,600000,29,10,36000,0.154,0.069,1.1,260,27,24,0.332,290,72,8.2,Dry_Branch_CRA1,1998,1998-08-11,"Dallas--Fort Worth--Arlington, TX"
199,20.5,7.7,1,5,5,36000,39,12,55000,0.074,0.685,1.5,290,21,35,0.41,492,71,7.9,Dry_Branch_CRA1,1998,1998-12-03,"Dallas--Fort Worth--Arlington, TX"
200,14.0,7.6,2,5,4,800,81,28,24000,0.081,0.384,5,580,29,87,1.28,710,48,5.6,Dry_Branch_CRA1,1999,1999-03-08,"Dallas--Fort Worth--Arlington, TX"
201,24.3,,<2,94,<5,170000,20,12,73000,0.06,1.69,1.6,28,33,23,0.15,164,82,7.5,Dry_Branch_CRA1,1999,1999-09-13,"Dallas--Fort Worth--Arlington, TX"
202,17.0,8.7,2,184,<10,2900,46,22,230000,0.09,0.68,2.04,390,20.3,37,0.19,704,148,7.6,Dry_Branch_CRA1,2000,2000-04-01,"Dallas--Fort Worth--Arlington, TX"
203,7.0,7.88,<2,18,<10,61000,22,11,110000,0.02,1.19,<0.2,207,34,18,0.3,241,227,5.8,Dry_Branch_CRA1,2001,2001-01-27,"Dallas--Fort Worth--Arlington, TX"
204,14.8,8.2,<2,175,<20,50,14,2,2200,0.04,0.5,1.4,128,43,13,0.39,88,238,4.6,Dry_Branch_CRA1,2001,2001-03-08,"Dallas--Fort Worth--Arlington, TX"
205,17.5,7.6,<1,<1,1,100000,31,7,97000,0.11,0.62,1.2,100,72,6,0.23,190,111,8.1,Estrn_Hills_HS_EH1,1992,1992-04-17,"Dallas--Fort Worth--Arlington, TX"
206,24.5,7.8,<1,<1,2,500000,40,5,420000,0.13,0.99,1.3,100,93,13,0.17,203,72,8,Estrn_Hills_HS_EH1,1992,1992-05-14,"Dallas--Fort Worth--Arlington, TX"
207,23.0,8.1,<1,<1,2,20000,12,11,20000,0.18,0.42,0.7,90,72,7,0.19,485,68,7.1,Estrn_Hills_HS_EH1,1992,1992-09-21,"Dallas--Fort Worth--Arlington, TX"
208,20.0,9.0,<1,<1,3,50000,89,15,42000,0.13,0.6,0.8,170,99,86,0.2,686,81,6.5,Estrn_Hills_HS_EH1,1992,1992-10-28,"Dallas--Fort Worth--Arlington, TX"
209,17.5,8.7,<1,1,1,17000,9,7,55000,0.2,0.47,0.6,30,55,5,0.25,98,104,6.3,Estrn_Hills_HS_EH1,1992,1992-11-19,"Dallas--Fort Worth--Arlington, TX"
210,9.5,7.1,<1,1,2,15000,19,<1,20000,0.04,0.54,0.6,60,65,9,0.17,192,78,9.4,Estrn_Hills_HS_EH1,1992,1992-12-09,"Dallas--Fort Worth--Arlington, TX"
211,9.5,9.2,<1,1,3,2100,51,26,36000,0.06,0.85,0.6,100,93,10,0.16,644,163,4.8,Estrn_Hills_HS_EH1,1993,1993-01-09,"Dallas--Fort Worth--Arlington, TX"
212,10.0,7.6,<1,5,2,5100,9,2,530000,0.208,0.641,0.54,60,45,8,0.414,58,123,6.5,Estrn_Hills_HS_EH1,1997,1997-02-06,"Dallas--Fort Worth--Arlington, TX"
213,10.5,8.4,<1,<1,2,390,12,2,97000,0.12,0.61,0.3,50,20,5,0.11,118,75,2.6,Estrn_Hills_HS_EH1,1997,1997-02-12,"Dallas--Fort Worth--Arlington, TX"
214,18.0,8.0,<1,2,2,1400,8,2,160000,0.05,0.61,1,50,57,8,0.12,73,168,7.9,Estrn_Hills_HS_EH1,1997,1997-03-25,"Dallas--Fort Worth--Arlington, TX"
215,18.0,7.6,<1,2,1,93000,13,3,430000,0.13,0.46,2.8,100,100,15,0.38,75,237,7.1,Estrn_Hills_HS_EH1,1997,1997-04-03,"Dallas--Fort Worth--Arlington, TX"
216,21.0,7.7,<1,<1,2,110000,13,5,270000,0.152,0.844,1.8,70,66,14,0.251,88,164,8.4,Estrn_Hills_HS_EH1,1997,1997-05-09,"Dallas--Fort Worth--Arlington, TX"
217,20.0,7.6,<1,5,5,13000,29,5,12000,0.111,0.31,1.4,100,16,12,0.48,398,106,4.5,Estrn_Hills_HS_EH1,1998,1998-12-03,"Dallas--Fort Worth--Arlington, TX"
218,15.0,7.6,<1,4,5,2800,40,9,79000,0.13,0.485,2.4,110,32,19,0.667,600,75,8.6,Estrn_Hills_HS_EH1,1999,1999-03-08,"Dallas--Fort Worth--Arlington, TX"
219,12.5,7.5,<1,127,4,3900,14,12,6700,0.08,1.42,1.3,64,27,22,0.29,43,106,8.6,Estrn_Hills_HS_EH1,1999,1999-12-18,"Dallas--Fort Worth--Arlington, TX"
220,14.0,,<2,24,<10,67000,13,9,27000,0.09,0.65,<0.3,90,41.8,10,0.37,122,120,9.6,Estrn_Hills_HS_EH1,2000,2000-03-10,"Dallas--Fort Worth--Arlington, TX"
221,19.5,7.2,<2,61,<10,46000,7,7,42000,0.13,0.64,1.27,59,35,9,0.34,170,79,6.7,Estrn_Hills_HS_EH1,2000,2000-10-28,"Dallas--Fort Worth--Arlington, TX"
222,13.9,7.47,<2,160,<20,260,<4,<2,25000,0.04,0.5,<0.2,25,31,3,0.53,128,176,3.1,Estrn_Hills_HS_EH1,2001,2001-03-08,"Dallas--Fort Worth--Arlington, TX"
223,13.0,7.4,<1,6,4,850000,25,15,1800000,0.101,0.4,1,320,52,47,0.869,80,62,13,Mills_Branch_Tributary_GM404,1997,1997-12-02,"Dallas--Fort Worth--Arlington, TX"
224,7.0,7.4,<1,3,1,9300,10,2,20000,0.126,0.229,0.77,60,37,6,0.223,38,54,15,Mills_Branch_Tributary_GM404,1997,1997-12-07,"Dallas--Fort Worth--Arlington, TX"
225,9.0,7.8,<1,<1,3,60000,<1,<1,690000,0.126,0.282,1.1,5,42,2,0.338,108,51,2.7,Mills_Branch_Tributary_GM404,1998,1998-01-11,"Dallas--Fort Worth--Arlington, TX"
226,23.7,7.9,<1,2,2,31000,10,3,21000,0.129,0.404,1.4,90,<10,13,1.19,42,127,1.4,Mills_Branch_Tributary_GM404,1998,1998-10-17,"Dallas--Fort Worth--Arlington, TX"
227,19.9,7.6,<1,3,3,33000,96,12,39000,0.129,0.432,2.2,240,81,28,0.591,187,49,6.4,Mills_Branch_Tributary_GM404,1998,1998-11-01,"Dallas--Fort Worth--Arlington, TX"
228,17.5,7.8,6,3,5,76000,6,110,38000,0.177,0.506,3.2,640,35,190,4.19,172,93,17,Mills_Branch_Tributary_GM404,1998,1998-11-29,"Dallas--Fort Worth--Arlington, TX"
229,17.0,7.4,0.9,5,4,2600,48,10,46000,<0.03,0.98,2.7,173,57,18,2.67,76,202,8.4,Mills_Branch_Tributary_GM404,1999,1999-03-18,"Dallas--Fort Worth--Arlington, TX"
230,15.9,7.6,1.2,1,8,46000,288,2.2,80700,0.09,0.49,8.6,416,112,25,2.29,278,86,6.8,Mills_Branch_Tributary_GM404,1999,1999-04-03,"Dallas--Fort Worth--Arlington, TX"
231,19.9,7.5,0.9,64,6,17750,34,11.6,60000,0.11,0.57,3.4,275,131,19.3,0.73,337,102,8.5,Mills_Branch_Tributary_GM404,1999,1999-04-14,"Dallas--Fort Worth--Arlington, TX"
232,23.8,7.1,<2,200,<5,200000,30,11,210000,0.15,1.14,2.2,250,33,22,0.3,116,52,7.3,Mills_Branch_Tributary_GM404,1999,1999-09-13,"Dallas--Fort Worth--Arlington, TX"
233,21.4,7.3,1,36,<5,22000,31,10,27000,0.36,4.87,9,340,41,74,0.98,290,123,8.4,Mills_Branch_Tributary_GM404,1999,1999-11-22,"Dallas--Fort Worth--Arlington, TX"
234,19.0,7.5,<1,149,<10,25000,36,12,46000,0.22,1.4,0.7,190,27,5,0.36,94,89,8.5,Mills_Branch_Tributary_GM404,1999,1999-12-04,"Dallas--Fort Worth--Arlington, TX"
235,12.5,7.3,<2,106,10,8000,38,13,20000,0.21,1.04,2.8,296,31,22,0.84,210,109,9.8,Mills_Branch_Tributary_GM404,2000,2000-03-16,"Dallas--Fort Worth--Arlington, TX"
236,18.7,8.17,<2,<1,<10,29000,20,8,30000,0.25,1.63,66.4,169,119,23,0.65,142,194,8.8,Mills_Branch_Tributary_GM404,2000,2000-04-27,"Dallas--Fort Worth--Arlington, TX"
237,21.0,8.1,<2,3,<10,48000,72,13,30000,0.17,0.71,<0.3,275,25.2,32,0.61,196,34,7.7,Mills_Branch_Tributary_GM404,2000,2000-05-19,"Dallas--Fort Worth--Arlington, TX"
238,13.5,8.2,<2,17,<20,18000,30,10,89000,0.09,0.33,1.65,80,13,9,0.13,100,14,,Mills_Branch_Tributary_GM404,2000,2000-11-12,"Dallas--Fort Worth--Arlington, TX"
239,14.0,7.9,<2,<1,<20,90000,<10,4,26000,<0.02,1.19,2.2,70,29,10,0.08,55,183,9,Mills_Branch_Tributary_GM404,2000,2000-11-16,"Dallas--Fort Worth--Arlington, TX"
240,9.0,7.3,<2,234,<40,3900,<10,4,13000,0.02,0.71,<0.3,70,35,6,0.47,199,137,8.7,Mills_Branch_Tributary_GM404,2001,2001-01-10,"Dallas--Fort Worth--Arlington, TX"
241,14.0,8.04,<2,201,<20,2400,11,<2,6500,0.15,0.61,2.3,82,67,9,0.44,130,212,6.9,Mills_Branch_Tributary_GM404,2001,2001-03-08,"Dallas--Fort Worth--Arlington, TX"
242,16.0,8.2,<2,39,<20,4500,9,3,38000,0.23,0.77,0.39,79,50,6,0.39,112,96,9.1,Mills_Branch_Tributary_GM404,2001,2001-03-24,"Dallas--Fort Worth--Arlington, TX"
243,10.0,8.7,<2,169,<40,3100,<10,4,10000,0.13,0.69,1.4,66,13,<20,0.38,105,122,4.8,Mills_Branch_Tributary_GM404,2001,2001-03-27,"Dallas--Fort Worth--Arlington, TX"
244,23.5,7.2,1,<1,1,13000,48,5,6200,0.12,0.63,1.5,130,67,12,0.2,91,64,8.9,Trib_to_Duck_Creek_GI401,1992,1992-06-20,"Dallas--Fort Worth--Arlington, TX"
245,26.5,7.9,1,<1,1,14000,52,3,11000,0.06,0.42,0.5,430,52,14,0.09,94,34,5,Trib_to_Duck_Creek_GI401,1992,1992-08-12,"Dallas--Fort Worth--Arlington, TX"
246,25.5,7.1,2,2,3,73000,80,5,6500,0.12,0.59,0.9,190,76,17,0.19,144,61,7.5,Trib_to_Duck_Creek_GI401,1992,1992-09-01,"Dallas--Fort Worth--Arlington, TX"
247,24.0,7.0,1,<1,3,15000,52,11,6200,0.09,0.36,0.7,200,62,13,0.16,99,21,5.2,Trib_to_Duck_Creek_GI401,1992,1992-09-21,"Dallas--Fort Worth--Arlington, TX"
248,21.0,9.2,2,<1,1,1200,71,8,1800,0.05,0.27,0.7,190,67,24,0.16,115,30,6.8,Trib_to_Duck_Creek_GI401,1992,1992-10-15,"Dallas--Fort Worth--Arlington, TX"
249,19.0,7.0,1,1,2,14000,57,10,2500,0.06,0.46,0.9,170,63,11,0.18,158,54,5.1,Trib_to_Duck_Creek_GI401,1992,1992-10-29,"Dallas--Fort Worth--Arlington, TX"
250,17.5,8.5,<1,4,<1,11000,17,3,10000,0.08,0.56,0.6,90,53,7,0.14,44,43,6.8,Trib_to_Duck_Creek_GI401,1992,1992-11-19,"Dallas--Fort Worth--Arlington, TX"
251,20.0,8.4,<1,57,5,2300,19,5,14000,0.046,0.434,0.58,80,41,10,0.132,94,154,5.2,Trib_to_Duck_Creek_GI401,1997,1997-05-15,"Dallas--Fort Worth--Arlington, TX"
252,23.0,7.7,<1,4,16,80000,10,3,100000,0.138,0.748,0.69,70,61,25,0.192,29,65,8,Trib_to_Duck_Creek_GI401,1997,1997-05-30,"Dallas--Fort Worth--Arlington, TX"
253,27.5,7.5,<1,2,7,56000,9,2,24000,0.047,0.277,0.48,60,25,6,0.079,35,33,4.7,Trib_to_Duck_Creek_GI401,1997,1997-07-09,"Dallas--Fort Worth--Arlington, TX"
254,13.0,7.8,<1,2,1,7200,8,11,11000,0.076,0.376,0.45,60,20,6,0.063,36,32,4,Trib_to_Duck_Creek_GI401,1997,1997-12-02,"Dallas--Fort Worth--Arlington, TX"
255,7.5,7.4,<1,1,0.5,1800,15,4,2500,0.044,0.187,0.33,30,<10,9,0.076,33,31,5.1,Trib_to_Duck_Creek_GI401,1997,1997-12-07,"Dallas--Fort Worth--Arlington, TX"
256,13.0,7.9,<1,2,4,230,23,5,5000,0.099,0.596,1.1,130,38,9,0.242,73,40,6.3,Trib_to_Duck_Creek_GI401,1998,1998-02-10,"Dallas--Fort Worth--Arlington, TX"
257,20.5,7.4,<1,8,3,23000,17,4,10000,0.056,0.659,1,80,15,8,0.198,126,47,4.3,Trib_to_Duck_Creek_GI401,1998,1998-12-03,"Dallas--Fort Worth--Arlington, TX"
258,14.0,7.5,0.9,<1,3,6461,24,6.6,10666,0.03,0.33,2.8,130,53,14,0.64,204,46,8.9,Trib_to_Duck_Creek_GI401,1999,1999-04-03,"Dallas--Fort Worth--Arlington, TX"
259,21.3,7.4,2,<1,<5,20000,25,4,8300,0.8,0.8,2.1,210,14,16,0.25,99,46,8.3,Trib_to_Duck_Creek_GI401,1999,1999-11-22,"Dallas--Fort Worth--Arlington, TX"
260,20.0,7.2,<2,64,<10,70,15,4,43000,0.09,0.38,1.05,110,26.6,23,0.22,59,54,7.6,Trib_to_Duck_Creek_GI401,2000,2000-03-28,"Dallas--Fort Worth--Arlington, TX"
261,13.0,8.2,<2,18,<20,8000,<10,3,19000,<0.02,0.24,1.38,40,12,7,0.06,48,31,,Trib_to_Duck_Creek_GI401,2000,2000-11-12,"Dallas--Fort Worth--Arlington, TX"
262,13.0,7.48,<2,159,<40,18000,<10,2,16000,0.04,0.54,<0.2,53,11,<20,0.18,68,90,2.9,Trib_to_Duck_Creek_GI401,2001,2001-03-27,"Dallas--Fort Worth--Arlington, TX"
263,26.5,8.2,<1,2,6,100000,52,7,69000,0.21,0.43,1,140,63,12,0.32,<5,29,13,Sleepy_Hollow_St_GR402,1992,1992-09-01,"Dallas--Fort Worth--Arlington, TX"
264,24.5,8.0,<1,19,4,8000,20,4,4000,0.18,0.35,1.4,80,50,12,0.33,84,55,6.5,Sleepy_Hollow_St_GR402,1992,1992-09-21,"Dallas--Fort Worth--Arlington, TX"
265,21.0,7.6,<1,2,8,17000,40,4,13000,0.29,0.96,2.6,150,120,17,0.52,106,68,7.5,Sleepy_Hollow_St_GR402,1992,1992-10-07,"Dallas--Fort Worth--Arlington, TX"
266,20.0,7.5,<1,2,3,49000,25,4,280000,0.2,0.27,1.1,90,190,16,0.35,120,45,7.8,Sleepy_Hollow_St_GR402,1992,1992-11-10,"Dallas--Fort Worth--Arlington, TX"
267,17.0,8.1,<1,<1,4,6500,11,9,91000,0.19,0.4,0.8,70,79,11,0.31,54,59,7.7,Sleepy_Hollow_St_GR402,1992,1992-11-19,"Dallas--Fort Worth--Arlington, TX"
268,11.0,7.0,<1,1,5,19000,24,11,200000,0.16,0.58,0.8,90,85,12,0.24,252,71,5.9,Sleepy_Hollow_St_GR402,1993,1993-01-09,"Dallas--Fort Worth--Arlington, TX"
269,14.0,7.3,<1,<1,5,52000,52,14,250000,0.41,0.65,2.7,170,120,11,0.87,322,59,9.7,Sleepy_Hollow_St_GR402,1993,1993-01-23,"Dallas--Fort Worth--Arlington, TX"
270,20.5,7.6,<1,4,2,36000,46,5,7500,0.15,0.79,2.2,190,56,25,0.4,125,55,8.6,I635_Outfall_at_CE_GC403,1992,1992-10-07,"Dallas--Fort Worth--Arlington, TX"
271,21.0,8.1,<1,<1,2,26000,48,6,20000,0.08,0.23,0.8,80,63,8,0.18,80,30,7.6,I635_Outfall_at_CE_GC403,1992,1992-10-15,"Dallas--Fort Worth--Arlington, TX"
272,20.0,8.2,<1,2,2,9000,31,5,10000,0.09,0.4,0.8,130,97,11,0.19,78,32,6.1,I635_Outfall_at_CE_GC403,1992,1992-11-10,"Dallas--Fort Worth--Arlington, TX"
273,16.5,8.1,<1,2,1,48000,13,2,46000,0.12,0.64,0.6,70,51,6,0.16,34,36,7.6,I635_Outfall_at_CE_GC403,1992,1992-11-19,"Dallas--Fort Worth--Arlington, TX"
274,10.5,7.8,<1,5,1,6700,30,7,24000,0.04,0.73,0.7,120,81,10,0.14,89,39,5.1,I635_Outfall_at_CE_GC403,1993,1993-01-09,"Dallas--Fort Worth--Arlington, TX"
275,14.5,7.8,<1,1,2,54000,39,11,15000,0.06,0.39,0.9,110,120,11,0.18,156,47,4.7,I635_Outfall_at_CE_GC403,1993,1993-01-23,"Dallas--Fort Worth--Arlington, TX"
276,25.0,7.8,<1,<1,3,210000,13,3,280000,0.39,0.58,0.9,60,56,5,0.43,69,39,8.5,Bear_Cr_IR501,1992,1992-09-03,"Dallas--Fort Worth--Arlington, TX"
277,25.5,7.2,<1,3,4,600000,12,1,54000,0.3,0.34,1.2,60,51,5,0.49,24,62,7.7,Bear_Cr_IR501,1992,1992-09-10,"Dallas--Fort Worth--Arlington, TX"
278,24.0,7.8,<1,6,3,48000,21,4,150000,0.35,0.43,2.2,60,220,6,0.62,98,93,8.3,Bear_Cr_IR501,1992,1992-10-15,"Dallas--Fort Worth--Arlington, TX"
279,17.0,7.7,<1,<1,2,22000,8,3,56000,0.33,0.61,0.9,50,45,5,0.4,4,50,7.4,Bear_Cr_IR501,1992,1992-11-19,"Dallas--Fort Worth--Arlington, TX"
280,12.5,8.2,<1,7,3,6000,18,3,32000,0.24,0.45,1.1,70,55,6,0.37,50,50,7.4,Bear_Cr_IR501,1993,1993-02-03,"Dallas--Fort Worth--Arlington, TX"
281,12.0,8.1,<1,2,1,70000,16,6,98000,0.15,1.2,1.1,60,43,7,0.21,27,43,6.3,Bear_Cr_IR501,1993,1993-02-24,"Dallas--Fort Worth--Arlington, TX"
282,29.0,8.0,<1,2,3,220000,29,7,240000,0.174,0.391,1.7,90,71,12,0.406,150,46,7.5,Bear_Cr_IR501,1997,1997-07-09,"Dallas--Fort Worth--Arlington, TX"
283,27.5,7.0,<1,3,3,120000,53,12,71000,0.487,0.994,3.2,120,85,13,0.791,96,76,7.6,Bear_Cr_IR501,1997,1997-09-03,"Dallas--Fort Worth--Arlington, TX"
284,15.0,6.9,<1,3,3,710000,22,0.5,36000,0.436,0.505,1.3,70,140,9,0.57,76,87,50,Bear_Cr_IR501,1997,1997-12-02,"Dallas--Fort Worth--Arlington, TX"
285,17.8,7.0,<1,4,5,72000,32,7,28000,0.569,1.65,3.1,130,140,13,0.755,172,106,13,Bear_Cr_IR501,1998,1998-04-20,"Dallas--Fort Worth--Arlington, TX"
286,18.7,6.9,<1,2,3,11000,26,6,50000,0.017,0.78,4.1,100,100,11,0.665,128,83,21,Bear_Cr_IR501,1998,1998-04-26,"Dallas--Fort Worth--Arlington, TX"
287,23.0,6.8,<1,4,3,67000,22,6,27000,0.678,1.4,5.9,110,190,14,0.999,166,191,21,Bear_Cr_IR501,1998,1998-05-08,"Dallas--Fort Worth--Arlington, TX"
288,24.9,7.0,<1,3,4,150000,39,14,52000,0.311,0.839,3.4,130,60,19,0.714,252,81,9.5,Bear_Cr_IR501,1998,1998-10-02,"Dallas--Fort Worth--Arlington, TX"
289,15.0,6.8,<1,9,3,480000,39,10,14000,0.252,0.748,3.8,110,58,11,0.719,438,49,5.7,Bear_Cr_IR501,1999,1999-03-08,"Dallas--Fort Worth--Arlington, TX"
290,19.1,7.31,<2,159,<10,16000,<10,2,46000,0.33,0.7,1.6,30,36.7,4,0.52,49,103,9.2,Bear_Cr_IR501,2000,2000-04-11,"Dallas--Fort Worth--Arlington, TX"
291,25.0,7.4,<2,347,<20,200000,20,5,160000,0.47,0.87,10,110,67,13,0.62,78,106,12,Bear_Cr_IR501,2000,2000-10-15,"Dallas--Fort Worth--Arlington, TX"
292,9.0,7.5,<2,55,<10,10000,15,7,10000,0.08,1.24,<0.2,82,59,8,0.33,52,168,12,Bear_Cr_IR501,2001,2001-01-27,"Dallas--Fort Worth--Arlington, TX"
293,18.0,7.1,<2,292,<20,1500,<4,2,37000,0.29,0.34,<0.2,56,63,4,0.47,40,82,14,Bear_Cr_IR501,2001,2001-03-24,"Dallas--Fort Worth--Arlington, TX"
294,18.4,7.1,<0.5,4,1.5,2966,12,5,1866,0.06,0.97,2.1,126,72,16,0.92,70,124,8.5,Cottonwood_Branch_Trib_IM504,1999,1999-03-18,"Dallas--Fort Worth--Arlington, TX"
295,17.4,7.0,<0.5,3,3,5700,16,5.1,32500,0.03,0.47,3.4,73,23,14,0.34,56,80,8,Cottonwood_Branch_Trib_IM504,1999,1999-04-03,"Dallas--Fort Worth--Arlington, TX"
296,19.5,7.0,<0.5,<1,1.5,1033,30,9.8,520000,<0.03,0.33,3.1,120,40,19.5,0.11,82,62,7.3,Cottonwood_Branch_Trib_IM504,1999,1999-04-14,"Dallas--Fort Worth--Arlington, TX"
297,24.7,,<2,99,2.5,67000,50,25,18000,0.04,1.63,3.8,410,48,70,0.21,180,239,7.2,Cottonwood_Branch_Trib_IM504,1999,1999-09-13,"Dallas--Fort Worth--Arlington, TX"
298,16.9,7.2,1,69,5,22000,28,22,750,0.08,<1,2.3,190,11.8,27,0.36,576,138,8.4,Cottonwood_Branch_Trib_IM504,1999,1999-12-04,"Dallas--Fort Worth--Arlington, TX"
299,18.0,7.1,<1,384,5,4600,27,13,9300,0.27,0.8,6.8,280,59.5,32,2.64,304,316,8.2,Cottonwood_Branch_Trib_IM504,1999,1999-12-09,"Dallas--Fort Worth--Arlington, TX"
300,17.7,7.85,<2,264,5,9000,<10,4,36000,0.09,0.4,0.6,50,12,6,0.2,42,50,4.4,Cottonwood_Branch_Trib_IM504,2000,2000-04-11,"Dallas--Fort Worth--Arlington, TX"
301,18.2,8.23,<2,211,5,16000,20,5,22000,0.06,0.72,2.3,98,19.8,12,0.2,40,62,4.5,Cottonwood_Branch_Trib_IM504,2000,2000-04-30,"Dallas--Fort Worth--Arlington, TX"
302,24.1,7.03,<2,20,5,16000,22,7,31000,0.07,0.61,0.8,131,57.5,41,0.26,62,<5,7.5,Cottonwood_Branch_Trib_IM504,2000,2000-05-19,"Dallas--Fort Worth--Arlington, TX"
303,25.8,7.62,<2,16,5,19000,26,7,22000,0.07,0.31,0.6,50,14.8,13,0.06,76,92,5.8,Cottonwood_Branch_Trib_IM504,2000,2000-06-14,"Dallas--Fort Worth--Arlington, TX"
304,25.0,8.24,<2,9,10,16000,30,9,47000,0.13,0.73,2.49,150,24,27,0.16,79,88,4.9,Cottonwood_Branch_Trib_IM504,2000,2000-10-15,"Dallas--Fort Worth--Arlington, TX"
305,6.5,6.4,<2,469,20,210,<10,3,4700,0.02,0.71,<0.3,30,13,5,0.12,21,46,2.3,Cottonwood_Branch_Trib_IM504,2001,2001-01-10,"Dallas--Fort Worth--Arlington, TX"
306,9.0,8.1,<2,<1,5,830,11,8,2000,<0.02,0.67,<0.2,90,11,14,0.13,37,138,5.6,Cottonwood_Branch_Trib_IM504,2001,2001-01-16,"Dallas--Fort Worth--Arlington, TX"
307,7.0,7.0,<2,92,5,150,6,6,12000,0.02,1.13,<0.2,72,24,7,0.04,53,226,5.8,Cottonwood_Branch_Trib_IM504,2001,2001-01-27,"Dallas--Fort Worth--Arlington, TX"
308,14.0,6.9,<2,164,5,670,<10,6,32000,<0.02,0.77,<0.2,72,15,12,0.11,81,96,11,Cottonwood_Branch_Trib_IM504,2001,2001-02-09,"Dallas--Fort Worth--Arlington, TX"
309,11.5,7.1,<2,95,5,1200,<10,5,22000,0.16,0.6,<0.2,45,21,5,<0.02,74,200,4.2,Cottonwood_Branch_Trib_IM504,2001,2001-02-13,"Dallas--Fort Worth--Arlington, TX"
310,13.5,8.1,<2,117,10,210,<10,3,7600,0.02,0.66,0.7,85,28,9,0.06,52,92,7.4,Cottonwood_Branch_Trib_IM504,2001,2001-02-23,"Dallas--Fort Worth--Arlington, TX"
311,14.5,7.8,<2,21,10,1100,<10,2,26000,0.07,0.53,0.5,42,22,6,0.06,54,63,3.4,Cottonwood_Branch_Trib_IM504,2001,2001-02-27,"Dallas--Fort Worth--Arlington, TX"
312,13.2,8.3,<2,142,10,230,<4,4,8000,0.244,0.38,<0.2,82,26,5,0.11,24,125,3.5,Cottonwood_Branch_Trib_IM504,2001,2001-03-08,"Dallas--Fort Worth--Arlington, TX"
313,17.0,7.3,<2,148,10,230,<4,<2,7300,0.07,0.57,<0.2,71.4,28,<2,0.14,28,82,3.7,Cottonwood_Branch_Trib_IM504,2001,2001-03-24,"Dallas--Fort Worth--Arlington, TX"
314,11.0,8.1,<2,366,20,390,<10,<2,3500,0.06,0.37,0.2,30,12,<20,0.07,106,22,2.6,Cottonwood_Branch_Trib_IM504,2001,2001-03-27,"Dallas--Fort Worth--Arlington, TX"
315,20.6,7.15,<10,480,10,14000,<10,<10,30000,<0.02,0.54,0.78,,10,<10,0.09,22,74,5.3,Cottonwood_Branch_Trib_IM504,2001,2001-05-28,"Dallas--Fort Worth--Arlington, TX"
316,27.0,7.5,<1,<1,2,5100,68,8,9300,0.19,0.61,0.9,280,40,17,0.24,119,64,8.3,Hereford_Rd_II503,1992,1992-08-24,"Dallas--Fort Worth--Arlington, TX"
317,25.0,8.4,<1,<1,2,130000,120,27,180000,0.13,0.5,0.7,230,78,18,0.14,304,48,8.7,Hereford_Rd_II503,1992,1992-09-03,"Dallas--Fort Worth--Arlington, TX"
318,22.5,8.4,<1,6,3,18000,320,66,25000,0.12,0.65,1.9,270,92,20,0.36,112,57,8.5,Hereford_Rd_II503,1992,1992-10-07,"Dallas--Fort Worth--Arlington, TX"
319,25.0,7.6,<1,<1,2,28000,60,16,16000,0.09,0.26,1,110,53,10,0.19,78,60,4.7,Hereford_Rd_II503,1992,1992-10-15,"Dallas--Fort Worth--Arlington, TX"
320,19.0,8.9,2,<1,2,2200,35,4,20000,0.09,0.77,1,160,220,16,0.18,57,92,8.4,Hereford_Rd_II503,1992,1992-11-10,"Dallas--Fort Worth--Arlington, TX"
321,9.0,8.1,<1,<1,2,31000,17,8,8500,0.08,2.7,1.1,80,31,7,0.16,22,57,4.8,Hereford_Rd_II503,1992,1992-12-09,"Dallas--Fort Worth--Arlington, TX"
322,9.0,8.6,<1,1,1,1500,9,11,9000,0.03,0.83,0.6,70,42,4,0.07,37,46,2.7,Hereford_Rd_II503,1993,1993-01-09,"Dallas--Fort Worth--Arlington, TX"
323,24.0,8.1,<1,3,1,10000,15,5,2500,0.17,0.41,0.5,140,32,7,0.26,72,42,4.2,Trib_to_ELM_FK_II502,1992,1992-09-21,"Dallas--Fort Worth--Arlington, TX"
324,21.5,7.7,<1,1,2,4300,29,13,2500,0.23,0.71,1.7,240,67,13,0.47,97,82,8.2,Trib_to_ELM_FK_II502,1992,1992-10-07,"Dallas--Fort Worth--Arlington, TX"
325,18.5,7.9,<1,1,2,14000,18,11,7800,0.23,1.1,0.8,150,61,8,0.33,64,104,6,Trib_to_ELM_FK_II502,1992,1992-10-28,"Dallas--Fort Worth--Arlington, TX"
326,18.0,7.5,<1,<1,<1,1400,7,<1,2400,0.18,0.75,0.3,70,33,4,0.23,15,41,3.8,Trib_to_ELM_FK_II502,1992,1992-11-19,"Dallas--Fort Worth--Arlington, TX"
327,8.5,8.1,<1,<1,<1,1000,13,10,5700,0.2,0.54,0.5,90,35,6,0.33,56,56,4.3,Trib_to_ELM_FK_II502,1992,1992-12-09,"Dallas--Fort Worth--Arlington, TX"
328,10.5,8.2,<1,1,2,870,29,23,5800,0.19,1.2,0.6,170,81,8,0.45,234,111,4,Trib_to_ELM_FK_II502,1993,1993-01-09,"Dallas--Fort Worth--Arlington, TX"
329,13.0,8.3,<1,2,2,2700,13,6,12000,0.27,0.55,0.4,80,<10,6,0.42,64,87,,Trib_to_ELM_FK_II502,1993,1993-01-28,"Dallas--Fort Worth--Arlington, TX"
330,13.0,7.8,<1,2,1,490,17,7,5900,0.05,1.5,1,60,57,6,0.09,25,92,7,South_mesquite_I635__MC801,1993,1993-02-24,"Dallas--Fort Worth--Arlington, TX"
331,14.5,6.8,<1,1,1,1100,29,4,1600,0.02,0.3,0.7,70,51,4,0.09,57,69,5,South_mesquite_I635__MC801,1993,1993-03-19,"Dallas--Fort Worth--Arlington, TX"
332,14.5,8.3,<1,1,<1,2500,30,3,8800,0.08,0.35,1,80,57,6,0.16,52,56,7.8,South_mesquite_I635__MC801,1993,1993-04-03,"Dallas--Fort Worth--Arlington, TX"
333,21.0,7.6,<1,3,<1,90000,35,<1,28000,0.09,0.28,0.9,70,54,8,0.17,46,51,,South_mesquite_I635__MC801,1993,1993-04-29,"Dallas--Fort Worth--Arlington, TX"
334,21.5,8.0,<1,<1,<1,3300,23,4,20000,0.09,0.41,0.8,80,64,5,0.15,26,52,5.2,South_mesquite_I635__MC801,1993,1993-05-23,"Dallas--Fort Worth--Arlington, TX"
335,24.5,8.0,<1,8,1,8700,29,3,3700,0.11,0.39,0.6,60,49,8,0.1,21,50,7,South_mesquite_I635__MC801,1993,1993-06-09,"Dallas--Fort Worth--Arlington, TX"
336,23.0,8.0,<1,2,4,23000,41,8,51000,0.089,0.254,0.6,110,52,10,0.128,84,64,7.5,South_mesquite_I635__MC801,1997,1997-06-22,"Dallas--Fort Worth--Arlington, TX"
337,13.0,7.5,<1,5,<1,76000,15,2,18000,0.037,0.448,0.69,40,31,6,0.068,19,50,3,South_mesquite_I635__MC801,1997,1997-12-02,"Dallas--Fort Worth--Arlington, TX"
338,7.5,7.4,<1,9,<1,3500,15,2,29000,0.044,0.177,0.53,40,20,5,0.081,23,42,4,South_mesquite_I635__MC801,1997,1997-12-07,"Dallas--Fort Worth--Arlington, TX"
339,9.0,7.4,<1,2,1,870,23,3,9500,0.02,0.3,0.66,50,40,7,0.085,41,54,2.1,South_mesquite_I635__MC801,1998,1998-01-11,"Dallas--Fort Worth--Arlington, TX"
340,20.0,7.5,<1,5,<1,18000,17,2,14000,0.054,0.539,1.2,50,50,8,0.135,28,82,11,South_mesquite_I635__MC801,1998,1998-03-30,"Dallas--Fort Worth--Arlington, TX"
341,19.5,7.5,1,5,7,930,33,6,8200,0.044,1.2,2.1,150,94,16,0.26,86,132,5.6,South_mesquite_I635__MC801,1999,1999-01-28,"Dallas--Fort Worth--Arlington, TX"
342,19.0,6.8,<1,19,2,250000,20,4,176667,0.041,0.235,0.96,60,31,6,0.152,36,31,4.2,South_mesquite_I635__MC801,1999,1999-03-08,"Dallas--Fort Worth--Arlington, TX"
343,22.3,7.1,<2,280,19,12000,30,7,7500,0.04,1.68,1.9,260,37,38,0.11,96,62,7.3,South_mesquite_I635__MC801,1999,1999-09-13,"Dallas--Fort Worth--Arlington, TX"
344,20.5,8.42,<2,385,<10,1800,<10,3,6500,0.04,0.4,1.2,70,11.2,7,0.12,46,68,4.3,South_mesquite_I635__MC801,2000,2000-04-11,"Dallas--Fort Worth--Arlington, TX"
345,6.5,5.5,<2,72,<40,300,20,12,3200,0.02,0.37,<0.3,140,32,22,0.36,239,64,5.6,South_mesquite_I635__MC801,2001,2001-01-10,"Dallas--Fort Worth--Arlington, TX"
346,9.0,8.3,<2,2,<10,340,23,8,1900,<0.02,0.31,<0.2,98,32,12,0.23,109,85,7.1,South_mesquite_I635__MC801,2001,2001-01-16,"Dallas--Fort Worth--Arlington, TX"
347,13.5,8.05,<2,394,<20,6800,6,<2,2800,<0.02,0.45,1.2,45,56,6,0.19,71,101,5.7,South_mesquite_I635__MC801,2001,2001-03-08,"Dallas--Fort Worth--Arlington, TX"
348,16.0,7.45,<2,559,<20,800,2,<2,6800,0.05,0.45,1.6,2,32,<2,0.02,44,92,7.3,South_mesquite_I635__MC801,2001,2001-03-24,"Dallas--Fort Worth--Arlington, TX"
349,13.0,8.3,<1,1,11,3000,10,3,33000,0.2,1.2,2,30,75,10,0.3,97,142,7.5,South_Mesquite_South_Parkway_MC802,1993,1993-03-11,"Dallas--Fort Worth--Arlington, TX"
350,18.0,7.7,<1,<1,32,110000,11,4,96000,0.33,1.6,7.8,80,90,12,0.81,100,159,7.3,South_Mesquite_South_Parkway_MC802,1993,1993-03-28,"Dallas--Fort Worth--Arlington, TX"
351,14.0,7.4,<1,<1,14,80000,12,<10,170000,0.28,1.7,3.6,70,70,8,0.63,139,135,7,South_Mesquite_South_Parkway_MC802,1993,1993-04-03,"Dallas--Fort Worth--Arlington, TX"
352,23.0,8.2,1,5,22,22000,43,15,30000,0.3,1,1.6,230,160,25,0.39,608,92,7.6,South_Mesquite_South_Parkway_MC802,1993,1993-05-18,"Dallas--Fort Worth--Arlington, TX"
353,21.5,7.9,<1,<1,20,31000,19,8,82000,0.35,1.1,3.6,110,120,12,0.73,155,75,3.8,South_Mesquite_South_Parkway_MC802,1993,1993-05-23,"Dallas--Fort Worth--Arlington, TX"
354,26.0,8.0,<1,4,35,160000,12,6,210000,0.37,1.1,1.4,100,72,12,0.39,99,65,7.4,South_Mesquite_South_Parkway_MC802,1993,1993-06-09,"Dallas--Fort Worth--Arlington, TX"
355,25.5,7.8,<1,2,24,270000,7,4,490000,0.44,0.92,2.1,60,53,12,0.61,51,98,7.8,South_Mesquite_South_Parkway_MC802,1993,1993-06-25,"Dallas--Fort Worth--Arlington, TX"
356,12.0,6.7,<1,<1,6,4200,5,6,71000,0.35,1.2,1,30,35,5,0.45,35,69,5.2,South_Mesquite_Bruton_Road__MC803,1993,1993-02-24,"Dallas--Fort Worth--Arlington, TX"
357,14.5,7.0,<1,1,6,20000,4,3,26000,0.25,0.62,1.2,40,45,5,0.32,39,64,5.6,South_Mesquite_Bruton_Road__MC803,1993,1993-03-19,"Dallas--Fort Worth--Arlington, TX"
358,17.0,6.4,<1,1,9,53000,9,4,160000,0.26,0.48,2.2,60,69,6,0.41,78,46,8,South_Mesquite_Bruton_Road__MC803,1993,1993-04-03,"Dallas--Fort Worth--Arlington, TX"
359,19.5,7.6,<1,<1,45,56000,6,<10,290000,0.65,0.76,2.4,30,93,5,0.73,70,56,7,South_Mesquite_Bruton_Road__MC803,1993,1993-04-14,"Dallas--Fort Worth--Arlington, TX"
360,18.0,8.0,<1,<1,11,230000,7,<1,180000,0.46,0.79,2.3,40,35,5,0.58,59,55,,South_Mesquite_Bruton_Road__MC803,1993,1993-04-29,"Dallas--Fort Worth--Arlington, TX"
361,23.0,7.4,<1,<1,10,28000,4,1,74000,0.47,1,1.8,30,32,2,0.57,39,49,3.4,South_Mesquite_Bruton_Road__MC803,1993,1993-05-23,"Dallas--Fort Worth--Arlington, TX"
362,8.0,8.9,<1,7,1,2600,11,5,18000,0.1,0.32,0.6,60,120,7,0.21,44,36,7.5,Rowlett_Cr_PR701,1992,1992-12-09,"Dallas--Fort Worth--Arlington, TX"
363,9.5,8.3,<1,2,3,5200,25,13,57000,0.08,0.42,0.8,120,79,9,0.2,130,40,4.8,Rowlett_Cr_PR701,1993,1993-01-09,"Dallas--Fort Worth--Arlington, TX"
364,11.5,7.4,1,5,3,1000,23,7,18000,0.09,0.34,0.9,140,71,13,0.23,44,55,,Rowlett_Cr_PR701,1993,1993-01-28,"Dallas--Fort Worth--Arlington, TX"
365,14.5,7.7,<1,4,3,250,9,3,2600,0.09,0.52,0.9,50,37,6,0.17,38,44,4.1,Rowlett_Cr_PR701,1993,1993-02-10,"Dallas--Fort Worth--Arlington, TX"
366,13.5,8.0,<1,,3,2700,18,4,4800,0.14,0.44,1,110,150,8,0.23,108,55,7.3,Rowlett_Cr_PR701,1993,1993-03-19,"Dallas--Fort Worth--Arlington, TX"
367,13.0,7.4,<1,1,2,8000,26,5,12000,0.18,0.4,1.3,110,70,10,0.31,124,41,5,Rowlett_Cr_PR701,1993,1993-04-03,"Dallas--Fort Worth--Arlington, TX"
368,13.5,8.0,<1,12,3,41000,13,10,100000,0.21,0.46,1.1,60,90,7,0.27,53,65,7.6,Rowlett_Cr_PR701,1993,1993-04-14,"Dallas--Fort Worth--Arlington, TX"
369,20.0,7.8,<1,1,2,14000,8,6,19000,0.031,0.893,0.87,20,<10,13,0.216,254,98,3.1,Beck_Brach_PU704,1998,1998-12-03,"Dallas--Fort Worth--Arlington, TX"
370,15.0,7.3,<1,<1,<1,800,4,8,19000,1.11,1.09,0.83,20,<10,4,0.191,163,139,2,Beck_Brach_PU704,1998,1998-12-18,"Dallas--Fort Worth--Arlington, TX"
371,18.0,8.2,<1,<1,6,17000,35,40,88000,0.035,0.491,4,140,26,27,1.35,2180,87,3.9,Beck_Brach_PU704,1999,1999-01-28,"Dallas--Fort Worth--Arlington, TX"
372,15.5,7.4,<0.5,<1,<3,390000,4,9.5,90769,<0.03,0.44,0.51,39,11,7,0.51,184,214,4.7,Beck_Brach_PU704,1999,1999-04-03,"Dallas--Fort Worth--Arlington, TX"
373,19.0,7.5,<0.5,276,<3,3400,4,15.1,226666,0.16,1.11,3.4,43,83,12.8,0.52,217,174,9.1,Beck_Brach_PU704,1999,1999-04-14,"Dallas--Fort Worth--Arlington, TX"
374,15.4,8.66,2,112,<10,1700,12,16,1800,0.08,0.38,1.4,60,<2,<2,0.32,332,46,4.5,Beck_Brach_PU704,1999,1999-12-09,"Dallas--Fort Worth--Arlington, TX"
375,16.5,7.1,<1,299,<5,200,<5,4,1600,0.13,0.9,0.43,107,3.7,5,0.39,12,286,5.5,Beck_Brach_PU704,2000,2000-01-07,"Dallas--Fort Worth--Arlington, TX"
376,15.0,7.4,<2,<1,<10,2000,12,14,32000,0.43,0.63,0.6,135,5.6,10,0.4,386,90,3.5,Beck_Brach_PU704,2000,2000-02-22,"Dallas--Fort Worth--Arlington, TX"
377,18.5,7.1,<2,491,<10,5500,<10,6,24000,0.08,0.4,1.1,50,<1,4,0.15,118,72,3.7,Beck_Brach_PU704,2000,2000-04-11,"Dallas--Fort Worth--Arlington, TX"
378,21.7,8.2,<2,47,<10,2600,4,5,52000,0.09,0.33,0.4,45,5,8,0.25,113,<5,4.6,Beck_Brach_PU704,2000,2000-05-19,"Dallas--Fort Worth--Arlington, TX"
379,25.0,7.7,<2,11,<10,60000,7,5,82000,0.08,0.66,0.8,50,20.6,6,0.1,99,150,6.7,Beck_Brach_PU704,2000,2000-06-14,"Dallas--Fort Worth--Arlington, TX"
380,12.5,7.6,<2,11,<20,700,<10,2,19000,<0.02,0.72,1.1,60,8,4,0.05,51,134,,Beck_Brach_PU704,2000,2000-11-12,"Dallas--Fort Worth--Arlington, TX"
381,14.0,6.3,<2,122,<40,150,<10,5,420,0.02,0.67,<0.3,40,10,8,<0.02,<5,290,<2,Beck_Brach_PU704,2001,2001-01-10,"Dallas--Fort Worth--Arlington, TX"
382,9.5,8.2,<2,<1,<10,250,<4,<2,2800,<0.02,0.63,<0.2,21,15,3,<0.02,<5,228,<2,Beck_Brach_PU704,2001,2001-01-16,"Dallas--Fort Worth--Arlington, TX"
383,15.0,7.32,<2,10,<10,50,<4,<2,300,<0.02,0.58,<0.2,,1,<4,<0.02,12,232,<2,Beck_Brach_PU704,2001,2001-01-27,"Dallas--Fort Worth--Arlington, TX"
384,15.5,8.1,<2,116,<10,370,<10,6,6000,<0.02,2.17,<0.2,36,4,7,0.27,96,225,6.9,Beck_Brach_PU704,2001,2001-02-09,"Dallas--Fort Worth--Arlington, TX"
385,14.1,7.02,<2,432,<20,430,<4,<2,2800,<0.02,0.59,0.8,5,5,2,<0.02,<5,290,2.3,Beck_Brach_PU704,2001,2001-03-08,"Dallas--Fort Worth--Arlington, TX"
386,13.0,8.5,<2,369,<20,200,<4,<2,34000,0.06,0.35,1.5,22,21,<4,0.13,102,113,4.2,Beck_Brach_PU704,2001,2001-03-24,"Dallas--Fort Worth--Arlington, TX"
387,17.0,8.65,<2,217,<80,9700,<4,<4,34000,0.08,0.38,0.67,16,25,<10,0.27,32,94,6.4,Beck_Brach_PU704,2001,2001-04-11,"Dallas--Fort Worth--Arlington, TX"
388,8.0,8.5,<1,<1,2,200,11,6,2200,0.03,0.34,0.3,80,27,8,0.07,22,23,3.7,Spring_Creek_PC702,1992,1992-12-09,"Dallas--Fort Worth--Arlington, TX"
389,11.0,6.3,<1,4,1,200,15,5,1700,0.05,0.57,0.6,110,59,12,0.11,69,249,,Spring_Creek_PC702,1993,1993-01-28,"Dallas--Fort Worth--Arlington, TX"
390,14.0,7.3,<1,<1,<1,970,6,2,5700,0.04,0.41,0.8,50,40,6,0.1,30,44,2.8,Spring_Creek_PC702,1993,1993-04-03,"Dallas--Fort Worth--Arlington, TX"
391,13.5,7.6,<1,8,2,7000,10,<10,1400,0.06,0.36,0.7,70,39,9,0.11,42,50,4.9,Spring_Creek_PC702,1993,1993-04-14,"Dallas--Fort Worth--Arlington, TX"
392,21.0,7.6,<1,1,<1,47000,20,<1,9600,0.05,0.52,0.7,70,26,9,0.13,25,41,,Spring_Creek_PC702,1993,1993-04-28,"Dallas--Fort Worth--Arlington, TX"
393,13.0,7.6,<1,5,1,17000,8,2,22000,0.043,0.435,0.51,60,33,8,0.103,33,39,6.3,Spring_Creek_PC702,1997,1997-12-02,"Dallas--Fort Worth--Arlington, TX"
394,7.0,7.4,<1,2,<1,1200,4,2,3500,0.067,0.189,0.6,50,13,6,0.097,19,33,3.1,Spring_Creek_PC702,1997,1997-12-07,"Dallas--Fort Worth--Arlington, TX"
395,10.5,8.3,<1,2,<1,470,8,2,3000,0.005,0.352,0.43,60,18,7,0.086,50,35,2.8,Spring_Creek_PC702,1998,1998-02-21,"Dallas--Fort Worth--Arlington, TX"
396,19.0,7.4,<1,2,<1,4100,17,4,11000,0.089,0.546,1.2,100,46,13,0.209,42,49,12,Spring_Creek_PC702,1998,1998-03-30,"Dallas--Fort Worth--Arlington, TX"
397,18.4,7.6,<1,3,<1,4500,10,3,16000,0.037,0.417,0.91,100,30,11,0.146,40,32,5.6,Spring_Creek_PC702,1998,1998-04-26,"Dallas--Fort Worth--Arlington, TX"
398,22.4,7.4,<1,7,2,33000,19,2,72000,0.066,0.319,0.41,140,<10,14,0.1,55,101,,Spring_Creek_PC702,1998,1998-10-05,"Dallas--Fort Worth--Arlington, TX"
399,14.5,6.8,<1,6,1,7000,13,3,24000,0.072,0.408,0.69,80,20,14,0.167,60,32,4,Spring_Creek_PC702,1999,1999-03-08,"Dallas--Fort Worth--Arlington, TX"
400,19.8,7.8,<1,20,<5,20000,<2,2,24000,0.11,0.59,1.2,50,6.5,19,0.18,66,36,8.4,Spring_Creek_PC702,1999,1999-11-22,"Dallas--Fort Worth--Arlington, TX"
401,19.0,7.8,<2,451,<10,30000,10,8,2500,0.09,0.5,1.6,180,11.2,230,0.28,142,44,8.8,Spring_Creek_PC702,2000,2000-04-11,"Dallas--Fort Worth--Arlington, TX"
402,22.0,7.6,<2,222,<10,33,<4,4,710,0.05,0.18,0.7,36,11,6,0.09,32,36,2.5,Spring_Creek_PC702,2000,2000-10-29,"Dallas--Fort Worth--Arlington, TX"
403,12.5,7.5,<2,13,<20,3000,<10,3,3100,<0.02,0.36,0.55,50,10,10,0.05,35,14,,Spring_Creek_PC702,2000,2000-11-12,"Dallas--Fort Worth--Arlington, TX"
404,20.0,7.9,<2,43,<20,720,<10,2,24000,0.07,0.66,1.3,108,48,16,0.25,58,61,6.3,Spring_Creek_PC702,2001,2001-05-04,"Dallas--Fort Worth--Arlington, TX"
405,10.0,8.0,3,1,3,5800,160,26,150000,0.15,0.86,1.3,340,150,700,0.7,380,163,7.5,Spring_Creek_PI703,1993,1993-01-09,"Dallas--Fort Worth--Arlington, TX"
406,10.0,8.4,3,4,6,35000,170,28,38000,0.12,0.73,1.3,390,180,1100,0.71,844,164,,Spring_Creek_PI703,1993,1993-01-28,"Dallas--Fort Worth--Arlington, TX"
407,12.0,7.4,2,21,4,4000,81,20,7600,0.45,1.1,1.5,200,120,460,0.92,282,117,8.6,Spring_Creek_PI703,1993,1993-02-24,"Dallas--Fort Worth--Arlington, TX"
408,13.0,8.0,1,4,6,22000,100,12,11000,0.3,0.74,0.7,230,120,1200,0.38,507,134,8.2,Spring_Creek_PI703,1993,1993-03-19,"Dallas--Fort Worth--Arlington, TX"
409,13.0,6.6,2,19,5,12000,180,20,14000,0.09,0.67,1.2,340,170,1300,0.79,979,80,6.8,Spring_Creek_PI703,1993,1993-04-03,"Dallas--Fort Worth--Arlington, TX"
410,13.5,7.6,1,3,3,4700,78,10,17000,0.23,0.66,0.8,180,83,350,0.38,607,94,7.2,Spring_Creek_PI703,1993,1993-04-14,"Dallas--Fort Worth--Arlington, TX"
411,23.0,8.2,2,120,7,23000,160,12,2500,0.3,0.53,0.8,390,89,11,0.32,805,89,8,Spring_Creek_PI703,1993,1993-06-09,"Dallas--Fort Worth--Arlington, TX"
412,8.0,7.7,0.5,3,4,4000,8,6,19000,0.03,0.79,0.7,70,44,8,0.04,81,174,5.8,Deer_Creek_TH904,1997,1997-02-06,"Dallas--Fort Worth--Arlington, TX"
413,10.0,7.2,0.5,4,3,120,11,4,27000,0.01,0.68,0.5,60,23,5,0.04,142,104,2.8,Deer_Creek_TH904,1997,1997-02-12,"Dallas--Fort Worth--Arlington, TX"
414,18.0,8.2,0.5,2,2,580,10,4,19000,0.02,0.44,0.8,60,33,8,0.06,130,163,4.3,Deer_Creek_TH904,1997,1997-03-12,"Dallas--Fort Worth--Arlington, TX"
415,17.0,7.9,0.5,3,2,2600,9,2,27000,0.14,0.48,1.8,40,44,6,0.33,57,177,4.6,Deer_Creek_TH904,1997,1997-03-25,"Dallas--Fort Worth--Arlington, TX"
416,19.0,7.3,0.5,2,0.5,3300,8,2,7900,0.018,0.545,0.65,30,37,5,0.063,238,270,5.3,Deer_Creek_TH904,1997,1997-04-03,"Dallas--Fort Worth--Arlington, TX"
417,11.0,8.2,0.5,3,3,730,13,6,6900,0.056,1.02,1.7,90,5,11,0.169,88,172,8.2,Deer_Creek_TH904,1998,1998-12-18,"Dallas--Fort Worth--Arlington, TX"
418,16.0,7.4,0.25,5,1.5,9667,8,5,73000,0.015,0.72,6,66,70,9,0.75,78,178,8.3,Deer_Creek_TH904,1999,1999-03-18,"Dallas--Fort Worth--Arlington, TX"
419,23.7,7.7,1,72,2.5,400,10,0.5,30,0.05,1.98,2,50,47,7,0.11,62,278,7.4,Deer_Creek_TH904,1999,1999-09-13,"Dallas--Fort Worth--Arlington, TX"
420,21.5,7.9,2,97,5,460,25,21,950,0.04,0.5,1.53,133,43,14,0.39,614,45,5.1,Deer_Creek_TH904,2000,2000-10-29,"Dallas--Fort Worth--Arlington, TX"
421,12.3,8.07,1,157,10,33,9,1,100,0.07,0.61,0.1,104,61,7,0.39,120,210,5.2,Deer_Creek_TH904,2001,2001-03-08,"Dallas--Fort Worth--Arlington, TX"
