,Phosphorous Total as P (mg/L),N02+NO3 (mg/L as N),Nitrogen Kjeldahl Total (mg/L),TSS (mg/L),BOD5 as O2 (mg/L),Lead Total After 1984 (ug/L),Copper Total (ug/L),Cadmium Total (ug/L),Zinc Total (ug/L),Station_Name,year,date,NAME10
0,0.05,4.51,0.9,7,2.8,<2,4,<1,507,Candice_Estates_CE,1993,1993-12-10,"Washington, DC--VA--MD"
1,0.15,0.85,<0.5,172,4.8,9,11,<1,261,Candice_Estates_CE,1994,1994-03-21,"Washington, DC--VA--MD"
2,0.16,0.31,0.7,122,6.2,8,7.3,<0.25,150,Candice_Estates_CE,1994,1994-11-21,"Washington, DC--VA--MD"
3,0.02,0.13,1.23,26.06,29.84,18.35,8.17,3.17,35.55,DPWT_Colesville_Road_Maintenance_Depot,1996,1996-08-13,"Washington, DC--VA--MD"
4,0.02,0.13,1.54,57.55,20.12,23.67,10.61,4.25,67.62,DPWT_Colesville_Road_Maintenance_Depot,1996,1996-09-04,"Washington, DC--VA--MD"
5,0.02,0.05,1,76.71,19.76,18.05,5.34,2.99,69.38,DPWT_Colesville_Road_Maintenance_Depot,1996,1996-10-08,"Washington, DC--VA--MD"
6,0.02,0.05,2.31,417.39,21.77,1.15,13.22,1.72,160.63,DPWT_Colesville_Road_Maintenance_Depot,1996,1996-11-08,"Washington, DC--VA--MD"
7,0.45,0.02,1.33,135.94,32.28,17.23,33.41,<3,73.94,DPWT_Colesville_Road_Maintenance_Depot,1996,1996-12-06,"Washington, DC--VA--MD"
8,0.25,1.25,0.96,126.35,48.09,601.59,15.35,<3,137.64,DPWT_Colesville_Road_Maintenance_Depot,1997,1997-01-22,"Washington, DC--VA--MD"
9,0.24,1.23,0.84,120.88,20.39,107.85,11.56,<3,90.02,DPWT_Colesville_Road_Maintenance_Depot,1997,1997-02-04,"Washington, DC--VA--MD"
10,0.28,1.52,1.98,95.73,27.1,33.37,11.87,<3,88.49,DPWT_Colesville_Road_Maintenance_Depot,1997,1997-03-18,"Washington, DC--VA--MD"
11,0.09,0.7,2.81,49.82,34.96,23.08,8.35,<3,150.7,DPWT_Colesville_Road_Maintenance_Depot,1997,1997-04-21,"Washington, DC--VA--MD"
12,0.27,0.55,1.16,78.8,24.36,34.53,4.53,<3,417.17,DPWT_Colesville_Road_Maintenance_Depot,1997,1997-06-21,"Washington, DC--VA--MD"
13,0.05,0.1,1.36,43.43,11,2.43,10.49,<1,43.14,DPWT_Colesville_Road_Maintenance_Depot,1998,1998-06-12,"Washington, DC--VA--MD"
14,0.05,0.33,0.91,10.41,4.2,<1,<2,<3,28.04,DPWT_Colesville_Road_Maintenance_Depot,1998,1998-10-08,"Washington, DC--VA--MD"
15,0.04,1.48,0.55,85.36,22.05,<5,<2,<3,5.77,DPWT_Colesville_Road_Maintenance_Depot,1999,1999-01-13,"Washington, DC--VA--MD"
16,0.07,0.71,0.7,111.74,17.09,2.15,1.97,<3,43.08,DPWT_Colesville_Road_Maintenance_Depot,1999,1999-02-02,"Washington, DC--VA--MD"
17,0.13,0.57,0.38,215.77,31.12,16.17,12.64,<3,98.96,DPWT_Colesville_Road_Maintenance_Depot,1999,1999-02-19,"Washington, DC--VA--MD"
18,0.39,1.04,0.61,107.37,8.62,88.52,4.46,7.37,34.66,DPWT_Colesville_Road_Maintenance_Depot,1999,1999-04-01,"Washington, DC--VA--MD"
19,0.92,1.43,<1,133.95,26.51,15.66,21.75,5.68,43.15,DPWT_Colesville_Road_Maintenance_Depot,1999,1999-05-23,"Washington, DC--VA--MD"
20,<0.06,0.9,1,22.54,1.42,5.66,19.78,2.16,121.99,DPWT_Colesville_Road_Maintenance_Depot,1999,1999-08-25,"Washington, DC--VA--MD"
21,<0.06,0.07,0.81,42.98,5.64,4.72,15.41,4.87,222.31,DPWT_Colesville_Road_Maintenance_Depot,1999,1999-09-15,"Washington, DC--VA--MD"
22,<0.06,0.04,1,3.35,4.55,1.8,13.74,2.85,31.33,DPWT_Colesville_Road_Maintenance_Depot,1999,1999-10-17,"Washington, DC--VA--MD"
23,0.06,0.16,0.79,<5,1.44,35.49,10.6,3.28,82.15,DPWT_Colesville_Road_Maintenance_Depot,1999,1999-11-02,"Washington, DC--VA--MD"
24,0.1,0.28,2.01,22.27,15.2,<5,12.83,<0.5,68.92,DPWT_Colesville_Road_Maintenance_Depot,2000,2000-01-10,"Washington, DC--VA--MD"
25,0.14,0.43,0.91,46.38,4.34,<2,3.72,<0.5,72.19,DPWT_Colesville_Road_Maintenance_Depot,2000,2000-02-18,"Washington, DC--VA--MD"
26,0.04,0.65,1.15,44.84,2.31,<2,6.26,<0.5,46.29,DPWT_Colesville_Road_Maintenance_Depot,2000,2000-03-11,"Washington, DC--VA--MD"
27,0.05,0.14,<0.5,12.98,<1,3.75,7.94,<0.5,33.96,DPWT_Colesville_Road_Maintenance_Depot,2000,2000-04-25,"Washington, DC--VA--MD"
28,0.12,0.16,2.27,8.06,2.63,<2,<2,<0.5,37.3,DPWT_Colesville_Road_Maintenance_Depot,2000,2000-06-06,"Washington, DC--VA--MD"
29,0.06,<0.2,0.36,27.29,7.16,24.85,2.56,<0.5,30,DPWT_Colesville_Road_Maintenance_Depot,2000,2000-06-22,"Washington, DC--VA--MD"
30,0.23,0.48,0.7,163,2.68,5.43,2.42,<0.5,44.8,DPWT_Colesville_Road_Maintenance_Depot,2000,2000-07-10,"Washington, DC--VA--MD"
31,0.15,0.27,<0.5,22.91,1.53,4.87,5.59,3.77,27.28,DPWT_Colesville_Road_Maintenance_Depot,2000,2000-09-25,"Washington, DC--VA--MD"
32,0.14580272,0.32971429,0.7,41.88231254,6.42925169,2,4.575510142,0.5,48.63265213,DPWT_Colesville_Road_Maintenance_Depot,2001,2001-01-19,"Washington, DC--VA--MD"
33,0.13142771,0.207392982,0.571928132,37.52586503,6.085132009,2,4.661642343,0.5,33.23284686,DPWT_Colesville_Road_Maintenance_Depot,2001,2001-03-12,"Washington, DC--VA--MD"
34,0.15,0.79,1.31,58.1,10.04,10.2,28.35,0.29,,Stewart_April_Lane,2002,2002-05-03,"Washington, DC--VA--MD"
35,0.23,0.59,1.55,247.91,27.83,16.27,39.04,0.19,,Stewart_April_Lane,2002,2002-06-28,"Washington, DC--VA--MD"
36,0.07,0.38,0.54,5.09,1.56,1.83,169.2,0.05,,Stewart_April_Lane,2002,2002-08-30,"Washington, DC--VA--MD"
37,0.07,0.39,0.63,36.65,2.72,2.97,28.54,0.18,,Stewart_April_Lane,2002,2002-10-12,"Washington, DC--VA--MD"
38,0.17,0.42,1.8,19.95,3.33,3.81,26.76,0.17,,Stewart_April_Lane,2002,2002-10-29,"Washington, DC--VA--MD"
39,0.22,0.46,1.14,150.58,6.23,12.66,37.61,0.38,,Stewart_April_Lane,2002,2002-12-12,"Washington, DC--VA--MD"
40,0.18,0.42,0.91,113.73,1.03,25.56,45.64,0.46,,Stewart_April_Lane,2003,2003-02-23,"Washington, DC--VA--MD"
41,0.15,0.86,0.71,59.69,10.73,11.61,36.76,0.4,,Stewart_April_Lane,2003,2003-03-21,"Washington, DC--VA--MD"
42,0.16,0.82,1.11,48.21,6.25,12.09,25.95,0.21,,Stewart_April_Lane,2003,2003-05-16,"Washington, DC--VA--MD"
43,0.11,0.25,0.73,33.23,3.66,5.09,17.93,0.1,,Stewart_April_Lane,2003,2003-06-08,"Washington, DC--VA--MD"
44,0.15,0.49,0.86,31.38,4.2,6.65,33.36,0.1,,Stewart_April_Lane,2003,2003-06-19,"Washington, DC--VA--MD"
45,0.08,0.73,0.65,18.05,15.75,4.71,26.19,0.12,,Stewart_April_Lane,2003,2003-07-03,"Washington, DC--VA--MD"
46,0.14,0.35,1.56,27.98,4.22,4.65,59.95,0.19,,Stewart_April_Lane,2003,2003-09-13,"Washington, DC--VA--MD"
47,0.18,0.36,1.31,12.95,3.97,5.67,20.4,0.15,,Stewart_April_Lane,2003,2003-09-24,"Washington, DC--VA--MD"
48,0.21,1,0.55,70.88,8.24,17.63,35.11,0.45,,Stewart_April_Lane,2003,2003-10-15,"Washington, DC--VA--MD"
49,0.3,0.19,1.71,179.02,6.17,6.56,10.8,0.1,,Stewart_April_Lane,2003,2003-11-20,"Washington, DC--VA--MD"
50,0.19,0.44,1.08,62.09,8.23,12.43,19.71,0.45,,Stewart_April_Lane,2003,2003-12-11,"Washington, DC--VA--MD"
51,0.2,0.78,5,,24,8,38,2,60,Burtons_Ville_Crossing_BC,1994,1994-05-25,"Washington, DC--VA--MD"
52,0.09,0.04,2,7,6,<2,19,<0.2,96,Burtons_Ville_Crossing_BC,1994,1994-08-11,"Washington, DC--VA--MD"
53,0.23,0.57,0.05,17,4,3,14,<0.2,56,Burtons_Ville_Crossing_BC,1995,1995-09-22,"Washington, DC--VA--MD"
54,0.08,1.51,0.05,14,210,<6,5,<0.2,<80,Ventura,1994,1994-05-04,"Washington, DC--VA--MD"
55,0.65,1.28,2,140,37,13,15,1.5,130,Ventura,1994,1994-07-14,"Washington, DC--VA--MD"
56,0.29,0.03,2,82,4,13,12,<0.2,39,Ventura,1995,1995-03-08,"Washington, DC--VA--MD"
57,0.08,1.12,<0.5,31,240,10,250,<0.2,<200,Quaint_Acres,1994,1994-05-04,"Washington, DC--VA--MD"
58,0.52,0.43,2,400,9,<100,<20,<10,76,Quaint_Acres,1994,1994-06-24,"Washington, DC--VA--MD"
59,0.2,0.21,2,23,7,3,9,<0.1,40,Quaint_Acres,1995,1995-10-27,"Washington, DC--VA--MD"
60,0.1,0.82,2,240,12,<100,<20,<10,<4,Southlawn_Lane,1994,1994-09-22,"Washington, DC--VA--MD"
61,0.41,2.86,0.05,850,26,60,90,1.9,240,Southlawn_Lane,1995,1995-04-12,"Washington, DC--VA--MD"
62,0.31,<0.1,2,140,10,35,<41,2,98,Southlawn_Lane,1995,1995-09-22,"Washington, DC--VA--MD"
63,0.07,0.74,3,12,17,25,25,2,160,Wheaten_Plaza,1994,1994-05-25,"Washington, DC--VA--MD"
64,0.31,0.79,6,250,46,90,54,1.4,410,Wheaten_Plaza,1995,1995-04-12,"Washington, DC--VA--MD"
65,0.09,0.36,2,44,,17,19,0.4,100,Wheaten_Plaza,1995,1995-10-27,"Washington, DC--VA--MD"
66,0.11,0.7,0.8,27,10,14,7,0.7,170,Brightseat_Rd_S1,1992,1992-08-11,"Washington, DC--VA--MD"
67,0.23,0.4,2.3,87,17,36,29,0.7,350,Brightseat_Rd_S1,1992,1992-11-12,"Washington, DC--VA--MD"
68,0.09,0.3,<0.5,45,9,39,26,1,200,Brightseat_Rd_S1,1993,1993-03-04,"Washington, DC--VA--MD"
69,0.22,0.25,0.05,128.5,8.5,201.25,41.25,0.25,575,Brightseat_Rd_S1,1994,1994-10-23,"Washington, DC--VA--MD"
70,0.24,0.64,1.74,94.79,22.99,102.89,50.48,0.25,1140.29,Brightseat_Rd_S1,1994,1994-11-10,"Washington, DC--VA--MD"
71,0.08,0.3,3,77.74,8.26,50.03,22.34,0.25,542.63,Brightseat_Rd_S1,1994,1994-12-10,"Washington, DC--VA--MD"
72,0.09,0.08,0.16,197.99,11.88,5.31,18.55,0.25,192.46,Brightseat_Rd_S1,1995,1995-01-15,"Washington, DC--VA--MD"
73,0.43,0.43,0.05,125.04,15.21,2.5,36.43,0.25,265.68,Brightseat_Rd_S1,1995,1995-03-08,"Washington, DC--VA--MD"
74,0.52,2.18,6.26,280.36,43.87,42.04,57.59,1.34,459.59,Brightseat_Rd_S1,1995,1995-07-21,"Washington, DC--VA--MD"
75,0.14,0.43,1.71,24.79,9.81,11.93,13.18,0.81,238.04,Brightseat_Rd_S1,1995,1995-08-06,"Washington, DC--VA--MD"
76,1,0.7,3.92,180.22,29.6,689.07,62.67,2.82,1104.3,Brightseat_Rd_S1,1995,1995-08-15,"Washington, DC--VA--MD"
77,0.09,0.61,1.96,139.01,12.64,32.15,33.69,1.31,266.59,Brightseat_Rd_S1,1995,1995-10-05,"Washington, DC--VA--MD"
78,0.06,0.08,1.01,67.08,4.89,32.09,26.93,0.87,169.6,Brightseat_Rd_S1,1995,1995-11-11,"Washington, DC--VA--MD"
79,0.18,2.22,3.38,450.89,19.64,133.91,52.78,3.4,596.83,Brightseat_Rd_S1,1995,1995-12-16,"Washington, DC--VA--MD"
80,0.44,1.43,2.93,228.34,20.12,166.12,97.53,4.35,989.99,Brightseat_Rd_S1,1996,1996-01-02,"Washington, DC--VA--MD"
81,0.18,1.59,9.98,920,26.93,361.68,224.61,5.78,3050.47,Brightseat_Rd_S1,1996,1996-03-15,"Washington, DC--VA--MD"
82,0.13,0.42,3.42,337.58,9.88,88.42,53.9,3.4,491.75,Brightseat_Rd_S1,1996,1996-04-01,"Washington, DC--VA--MD"
83,0.18,0.59,0.89,15.1,9.26,16.38,26.81,0.91,153.63,Brightseat_Rd_S1,1996,1996-06-09,"Washington, DC--VA--MD"
84,0.04,0.72,0.88,259.21,9.27,193.09,35.84,1.44,270.95,Brightseat_Rd_S1,1996,1996-06-24,"Washington, DC--VA--MD"
85,0.08,0.59,1.54,439.66,36.24,174.51,32.42,1.03,462.03,Brightseat_Rd_S1,1996,1996-07-26,"Washington, DC--VA--MD"
86,0.11,0.77,2.63,112.85,4.62,30.14,24.74,0.81,262.8,Brightseat_Rd_S1,1996,1996-08-12,"Washington, DC--VA--MD"
87,0.35,0.31,1.62,380.98,6.2,75.69,32.97,1.51,342.5,Brightseat_Rd_S1,1996,1996-09-04,"Washington, DC--VA--MD"
88,0.05,0.29,1.19,142.14,10.81,104.15,50.68,2.57,765.91,Brightseat_Rd_S1,1996,1996-09-06,"Washington, DC--VA--MD"
89,0.12,0.24,1.94,353.18,18.81,218.42,59.38,2.07,596.77,Brightseat_Rd_S1,1996,1996-11-08,"Washington, DC--VA--MD"
90,0.71,0.4,7.61,1164.39,45.32,158.3,147.76,12.41,2363.56,Brightseat_Rd_S1,1997,1997-01-16,"Washington, DC--VA--MD"
91,0.57,0.83,1.7,447.83,42.72,196.08,138.66,2.91,1350.32,Brightseat_Rd_S1,1997,1997-01-22,"Washington, DC--VA--MD"
92,0.18,0.9,0.1,57,12,36,35,1,120,Maryland_50_Industrial_Park_S3,1992,1992-08-11,"Washington, DC--VA--MD"
93,0.16,0.3,<0.5,20,14,13,22,<1,120,Maryland_50_Industrial_Park_S3,1992,1992-11-12,"Washington, DC--VA--MD"
94,0.18,0.4,<0.5,25,13,8,7,<1,60,Maryland_50_Industrial_Park_S3,1993,1993-03-04,"Washington, DC--VA--MD"
95,0.34,1,1.4,42,12,9,22,<1,63,Wayne_Place_S4,1992,1992-08-11,"Washington, DC--VA--MD"
96,0.81,0.3,1.4,50,48,9,17,<1,76,Wayne_Place_S4,1992,1992-11-12,"Washington, DC--VA--MD"
97,0.24,0.7,1.2,26,8,9,13,<1,50,Wayne_Place_S4,1993,1993-03-04,"Washington, DC--VA--MD"
98,0.49,1,1.1,50,25,32,27,2.4,320,John_Hanson_S5,1992,1992-08-11,"Washington, DC--VA--MD"
99,0.34,0.3,0.8,100,20,38,32,1.2,260,John_Hanson_S5,1992,1992-11-12,"Washington, DC--VA--MD"
100,0.23,0.6,<0.5,57,17,25,19,1.1,170,John_Hanson_S5,1993,1993-03-04,"Washington, DC--VA--MD"
101,0.2,0.61,0.55,67.49,6.76,2.5,2.5,0.25,63.31,Pennsy_Dr_N3,1994,1994-10-23,"Washington, DC--VA--MD"
102,0.24,0.62,1,20.41,14.45,2.5,13.18,0.25,92.72,Pennsy_Dr_N3,1994,1994-11-10,"Washington, DC--VA--MD"
103,0.11,0.26,1.36,29.36,6.2,2.5,2.5,0.25,65.02,Pennsy_Dr_N3,1994,1994-12-10,"Washington, DC--VA--MD"
104,0.07,0.64,0.05,66.6,6.84,2.5,65.21,0.25,53.62,Pennsy_Dr_N3,1995,1995-01-15,"Washington, DC--VA--MD"
105,0.61,0.31,0.05,182.22,10.22,145,25.56,0.25,202.22,Pennsy_Dr_N3,1995,1995-03-08,"Washington, DC--VA--MD"
106,0.3,0.4,1.61,28.95,9.61,24.96,35.64,0.59,124.98,Pennsy_Dr_N3,1995,1995-06-27,"Washington, DC--VA--MD"
107,0.59,0.99,3.62,129.84,44.9,43.26,49.27,1.76,772.51,Pennsy_Dr_N3,1995,1995-07-21,"Washington, DC--VA--MD"
108,0.56,0.24,5.43,199.52,15.11,55.23,21.19,1.07,439.69,Pennsy_Dr_N3,1995,1995-08-06,"Washington, DC--VA--MD"
109,0.36,0.83,1.85,105.12,7.67,269.19,26.19,0.83,253.63,Pennsy_Dr_N3,1995,1995-08-15,"Washington, DC--VA--MD"
110,0.19,0.16,2.47,186.08,16.57,10.44,42.87,0.36,125.16,Pennsy_Dr_N3,1995,1995-09-17,"Washington, DC--VA--MD"
111,0.12,<0.1,0.2,191.84,,31.98,41.95,2.05,286.47,Pennsy_Dr_N3,1995,1995-09-22,"Washington, DC--VA--MD"
112,0.14,0.14,0.71,221,9.45,64.04,45.84,0.68,156.15,Pennsy_Dr_N3,1995,1995-11-11,"Washington, DC--VA--MD"
113,0.16,1.95,2.09,66.95,28.48,21.28,20.73,0.72,114.07,Pennsy_Dr_N3,1995,1995-12-16,"Washington, DC--VA--MD"
114,0.43,2.04,7.33,63.17,53.74,16.96,90.78,1.17,137.51,Pennsy_Dr_N3,1996,1996-01-01,"Washington, DC--VA--MD"
115,0.11,1.25,2.14,27.73,15.48,20.33,30.3,0.57,94.93,Pennsy_Dr_N3,1996,1996-03-15,"Washington, DC--VA--MD"
116,0.35,0.82,2.37,213.16,9.81,72.84,35.45,0.77,136.18,Pennsy_Dr_N3,1996,1996-03-19,"Washington, DC--VA--MD"
117,0.09,0.44,0.99,67.17,5.68,22.51,9.31,0.61,112.12,Pennsy_Dr_N3,1996,1996-08-12,"Washington, DC--VA--MD"
118,0.18,0.29,1.07,74.84,6.2,35.31,12.77,0.67,124.01,Pennsy_Dr_N3,1996,1996-09-04,"Washington, DC--VA--MD"
119,0.1,0.17,1.06,247.43,7.43,90.93,26.77,1.3,228.77,Pennsy_Dr_N3,1996,1996-09-06,"Washington, DC--VA--MD"
120,0.25,0.23,2.84,199.11,11.05,36.8,18.26,0.79,169.94,Pennsy_Dr_N3,1997,1997-01-16,"Washington, DC--VA--MD"
121,0.26,0.56,2.22,176.32,36.03,18.01,15.89,0.62,83.9,Pennsy_Dr_N3,1997,1997-01-22,"Washington, DC--VA--MD"
122,0.21,0.28,0.78,115.34,1,27.77,13.13,0.35,86.59,Pennsy_Dr_N3,1997,1997-03-01,"Washington, DC--VA--MD"
123,0.22,0.98,1.65,64.26,7.15,36.11,17.77,0.44,100.9,Pennsy_Dr_N3,1997,1997-03-19,"Washington, DC--VA--MD"
124,0.04,0.19,0.74,127.25,12.02,15.25,20.79,0.65,167.21,Pennsy_Dr_N3,1997,1997-04-27,"Washington, DC--VA--MD"
125,0.13,0.22,1.1,67.64,6.33,18.53,12.1,0.72,116.51,Pennsy_Dr_N3,1997,1997-06-01,"Washington, DC--VA--MD"
126,0.05,0.56,2.05,339.84,11.02,53.25,23.29,1.78,383.8,Pennsy_Dr_N3,1997,1997-06-13,"Washington, DC--VA--MD"
127,0.38,0.55,1.34,205.53,8.02,27.08,25.85,1.27,349.54,Pennsy_Dr_N3,1997,1997-08-17,"Washington, DC--VA--MD"
128,0.19,0.5,0.91,51.85,1,40.84,18.01,0.55,149.12,Pennsy_Dr_N3,1997,1997-08-20,"Washington, DC--VA--MD"
129,0.47,1,2.3,200,26,72,32,1.6,360,Flagstaff_Street_S2,1992,1992-08-11,"Washington, DC--VA--MD"
130,0.72,0.4,2,53,48,15,21,<1,110,Flagstaff_Street_S2,1992,1992-11-12,"Washington, DC--VA--MD"
131,0.57,0.7,<0.5,98,12,31,18,<1,160,Flagstaff_Street_S2,1993,1993-03-04,"Washington, DC--VA--MD"
132,0.28,0.7,0.05,35.68,10.13,2.5,2.5,0.25,54.24,Flagstaff_Street_S2,1994,1994-10-23,"Washington, DC--VA--MD"
133,0.48,0.6,1,12.33,30.49,2.5,10,0.25,84.46,Flagstaff_Street_S2,1994,1994-11-10,"Washington, DC--VA--MD"
134,0.3,0.58,1.81,9.97,7.41,2.5,2.5,0.25,65.94,Flagstaff_Street_S2,1994,1994-12-10,"Washington, DC--VA--MD"
135,0.2,0.47,1.36,87.24,13.48,2.5,19.75,0.25,104.73,Flagstaff_Street_S2,1995,1995-01-15,"Washington, DC--VA--MD"
136,0.68,0.55,0.05,126.29,7.69,54.95,15.38,0.25,139.25,Flagstaff_Street_S2,1995,1995-03-08,"Washington, DC--VA--MD"
137,0.12,0.5,2.38,89.56,10.74,13.18,10.37,0.43,77.59,Flagstaff_Street_S2,1995,1995-08-06,"Washington, DC--VA--MD"
138,2.07,0.69,3.96,651.46,14.53,198.95,139.06,3.8,867.42,Flagstaff_Street_S2,1995,1995-08-15,"Washington, DC--VA--MD"
139,0.14,0.45,2.13,72.49,8.26,48.22,17.74,0.42,113.08,Flagstaff_Street_S2,1995,1995-09-17,"Washington, DC--VA--MD"
140,0.43,<0.1,0.61,372.48,,200.49,78.26,6.77,616.13,Flagstaff_Street_S2,1995,1995-09-22,"Washington, DC--VA--MD"
141,0.54,0.95,1.52,59.19,9.12,17.33,16.5,0.26,115.9,Flagstaff_Street_S2,1995,1995-11-11,"Washington, DC--VA--MD"
142,0.44,1.22,2.25,117.27,26.69,38.56,18.99,0.8,167.63,Flagstaff_Street_S2,1995,1995-12-16,"Washington, DC--VA--MD"
143,0.44,0.69,1.64,71.4,25.11,27.66,18.87,0.83,140.27,Flagstaff_Street_S2,1996,1996-01-02,"Washington, DC--VA--MD"
144,0.69,0.71,1.09,671.55,30.31,165.09,35.41,2.05,400.64,Flagstaff_Street_S2,1996,1996-06-19,"Washington, DC--VA--MD"
145,0.24,2.07,2.29,138.87,7.59,13.06,14.12,1.21,151.19,Flagstaff_Street_S2,1996,1996-06-24,"Washington, DC--VA--MD"
146,0.09,0.32,1.1,131.58,11.45,25.9,12.86,0.66,163.81,Flagstaff_Street_S2,1996,1996-07-26,"Washington, DC--VA--MD"
147,0.11,0.31,1.32,115.03,4.26,29.6,17.74,0.8,149.12,Flagstaff_Street_S2,1996,1996-08-12,"Washington, DC--VA--MD"
148,0.54,0.55,2.1,238.4,15.07,162.25,40.35,1.99,661.15,Flagstaff_Street_S2,1996,1996-11-08,"Washington, DC--VA--MD"
149,0.27,0.58,1.91,79.64,28.88,19.66,14.9,0.65,115.59,Flagstaff_Street_S2,1997,1997-01-22,"Washington, DC--VA--MD"
150,0.46,0.39,2.43,167.49,1,162.46,31.2,1.39,508.94,Flagstaff_Street_S2,1997,1997-03-01,"Washington, DC--VA--MD"
151,0.63,0.28,0.12,294.31,44.82,51.08,41.2,1.81,274.06,Flagstaff_Street_S2,1997,1997-03-26,"Washington, DC--VA--MD"
152,0.15,0.19,1.68,175.36,10.13,20.37,18.08,0.5,84.74,Flagstaff_Street_S2,1997,1997-04-28,"Washington, DC--VA--MD"
153,0.22,0.16,0.88,105.81,15.43,29.7,12.69,0.66,143.63,Flagstaff_Street_S2,1997,1997-06-01,"Washington, DC--VA--MD"
154,0.29,0.16,8.95,639.51,138.86,584.83,130.37,4.58,1029.78,Flagstaff_Street_S2,1997,1997-06-13,"Washington, DC--VA--MD"
155,0.37,0.4,1.5,256.54,16.35,58.77,32.04,1.81,570.86,Flagstaff_Street_S2,1997,1997-07-23,"Washington, DC--VA--MD"
156,0.59,0.88,2.86,303.22,29.66,99.29,55.26,2.96,642.06,Flagstaff_Street_S2,1997,1997-08-17,"Washington, DC--VA--MD"
157,0.16,1.54,1.52,36.31,3,4.7,7.16,0.25,33.43,Flagstaff_Street_S2,1997,1997-08-20,"Washington, DC--VA--MD"
158,0.4,0.77,2.91,105,22.7,15.52,13.24,0.45,121.08,Flagstaff_Street_S2,1997,1997-10-15,"Washington, DC--VA--MD"
159,0.21,0.28,0.67,80.57,18.31,19.51,11.73,0.25,133.08,Flagstaff_Street_S2,1997,1997-11-07,"Washington, DC--VA--MD"
160,0.52,0.6,1.01,70.36,1.47,13.77,7.81,0.25,92.28,Flagstaff_Street_S2,1998,1998-01-28,"Washington, DC--VA--MD"
161,0.39,0.45,1.13,64.85,4.62,13.62,9.92,0.25,95.24,Flagstaff_Street_S2,1998,1998-02-04,"Washington, DC--VA--MD"
162,0.55,0.5,0.64,37.2,5.06,8.88,8.4,0.25,83.7,Flagstaff_Street_S2,1998,1998-02-17,"Washington, DC--VA--MD"
163,0.46,0.18,2.33,132.03,5.33,22.15,13.67,0.33,156.95,Flagstaff_Street_S2,1998,1998-03-08,"Washington, DC--VA--MD"
164,0.54,0.28,2.71,185.52,3.25,27.4,17.43,0.94,190.19,Flagstaff_Street_S2,1998,1998-05-01,"Washington, DC--VA--MD"
165,0.32,0.79,2.77,211.33,33.49,47,27.85,0.84,264.7,Flagstaff_Street_S2,1998,1998-05-07,"Washington, DC--VA--MD"
166,1.16,0.78,5.65,729.81,10.28,80.86,49.55,2.09,610.35,Flagstaff_Street_S2,1998,1998-06-02,"Washington, DC--VA--MD"
167,0.41,1.33,2.08,120.17,10.2,14.41,11.16,0.4,143.56,Flagstaff_Street_S2,1999,1999-02-28,"Washington, DC--VA--MD"
168,0.34,1.36,2.13,133.46,16.22,36.28,20.95,0.61,178.57,Flagstaff_Street_S2,1999,1999-03-03,"Washington, DC--VA--MD"
169,0.58,1.22,2.6,194.18,11.68,111.67,19.7,0.7,194.82,Flagstaff_Street_S2,1999,1999-04-04,"Washington, DC--VA--MD"
170,1.02,0.05,3.82,557.85,24.24,55.75,39.1,1.96,504.3,Flagstaff_Street_S2,1999,1999-05-22,"Washington, DC--VA--MD"
171,0.92,0.52,5.7,920,37,200,83,3.1,960,Flagstaff_Street_S2,1999,1999-08-14,"Washington, DC--VA--MD"
172,0.42,0.78,0.95,96.42,12,25.07,18.36,0.25,157.15,Flagstaff_Street_S2,1999,1999-08-24,"Washington, DC--VA--MD"
173,2.27,0.42,1.73,638.43,8.57,99.9,33.11,0.95,233.76,Flagstaff_Street_S2,1999,1999-08-25,"Washington, DC--VA--MD"
174,0.37,1.92,1.34,102.08,6.36,17.91,17.55,0.56,128.18,Flagstaff_Street_S2,1999,1999-08-27,"Washington, DC--VA--MD"
175,0.52,2.46,2.54,186.99,19.49,53.63,36.83,0.96,290.89,Flagstaff_Street_S2,1999,1999-09-08,"Washington, DC--VA--MD"
176,1.09,1.03,2.49,419.89,1.47,82.22,42.93,2.6,718.8,Flagstaff_Street_S2,1999,1999-09-09,"Washington, DC--VA--MD"
177,0.67,2.26,1.25,172.19,2.9,37.59,16.41,0.5,230.55,Flagstaff_Street_S2,1999,1999-09-16,"Washington, DC--VA--MD"
178,0.28,0.57,0.72,61.51,11.21,7.24,6.3,0.25,63.03,Flagstaff_Street_S2,1999,1999-10-20,"Washington, DC--VA--MD"
179,0.58,0.18,2.31,232.74,28.7,41.09,23.31,0.77,278.74,Flagstaff_Street_S2,1999,1999-11-02,"Washington, DC--VA--MD"
180,0.56,0.09,2.1,170,28,54,30,1.1,350,Flagstaff_Street_S2,1999,1999-12-06,"Washington, DC--VA--MD"
181,0.41,0.55,0.8,72,10,11,8,0.25,80,Flagstaff_Street_S2,1999,1999-12-10,"Washington, DC--VA--MD"
182,0.48,1.7,1,35,6,6,9,0.25,100,Flagstaff_Street_S2,1999,1999-12-14,"Washington, DC--VA--MD"
183,0.76,1.2,1.8,130,14,28,15,0.25,130,Flagstaff_Street_S2,2000,2000-01-04,"Washington, DC--VA--MD"
184,0.34,0.92,1.6,490,11,10,9,0.25,110,Flagstaff_Street_S2,2000,2000-02-18,"Washington, DC--VA--MD"
185,0.43,0.52,1,47,7,14,8,0.25,100,Flagstaff_Street_S2,2000,2000-03-21,"Washington, DC--VA--MD"
186,2,0.33,4.5,490,,120,40,1,350,Flagstaff_Street_S2,2000,2000-04-17,"Washington, DC--VA--MD"
187,0.57,0.46,2.6,200,13,60,280,0.25,320,Flagstaff_Street_S2,2000,2000-05-28,"Washington, DC--VA--MD"
188,0.57,0.81,1.6,480,14,83,37,1,310,Flagstaff_Street_S2,2000,2000-06-15,"Washington, DC--VA--MD"
189,1.1,0.62,13,520,14,74,30,1,340,Flagstaff_Street_S2,2000,2000-07-15,"Washington, DC--VA--MD"
190,0.98,0.5,3.8,440,24,110,41,1.4,510,Flagstaff_Street_S2,2000,2000-08-07,"Washington, DC--VA--MD"
191,0.35,1.5,1.2,50,5,5,5,0.25,40,Flagstaff_Street_S2,2000,2000-09-25,"Washington, DC--VA--MD"
192,1.2,0.26,3.83,356.67,62,178.67,22.67,4.83,230,Flagstaff_Street_S2,2000,2000-11-10,"Washington, DC--VA--MD"
193,0.38,1.13,1.47,54.97,7.8,9.6,8.89,0.5,107.06,Flagstaff_Street_S2,2001,2001-01-19,"Washington, DC--VA--MD"
194,0.55,0.94,0.49,98.82,5.23,8.02,9.68,0.5,93.3,Flagstaff_Street_S2,2001,2001-02-16,"Washington, DC--VA--MD"
195,0.87,1.23,1.98,81.27,6.54,12.99,12.3,0.5,118.94,Flagstaff_Street_S2,2001,2001-03-21,"Washington, DC--VA--MD"
196,0.93,0.81,1.18,250.16,5.8,25.97,23.52,0.75,265.2,Flagstaff_Street_S2,2001,2001-05-22,"Washington, DC--VA--MD"
197,0.67,0.9,0.64,440.47,3.68,41.53,23.73,0.74,167.44,Flagstaff_Street_S2,2001,2001-06-07,"Washington, DC--VA--MD"
198,0.75,1.04,2.87,123.4,12.6,18.59,13.07,0.65,159.9,Flagstaff_Street_S2,2001,2001-07-04,"Washington, DC--VA--MD"
199,0.26,0.53,0.98,51.96,6.99,,12.24,,58.47,Flagstaff_Street_S2,2001,2001-09-21,"Washington, DC--VA--MD"
200,0.36,0.92,1.47,163,19.79,6.01,16.36,0.25,80.94,Flagstaff_Street_S2,2001,2001-10-16,"Washington, DC--VA--MD"
201,0.54,1.23,1.45,23.01,31.9,3.51,15.9,0.17,78.03,Flagstaff_Street_S2,2001,2001-12-08,"Washington, DC--VA--MD"
202,0.5,0.44,,89.97,21.91,7.49,17.51,0.2,101.15,Flagstaff_Street_S2,2002,2002-01-06,"Washington, DC--VA--MD"
203,0.2,0.65,1.07,46.98,4.02,3.38,14.62,0.17,60.05,Flagstaff_Street_S2,2002,2002-03-13,"Washington, DC--VA--MD"
204,0.31,0.73,1.09,68.17,5.85,7.74,15.88,0.15,91.96,Flagstaff_Street_S2,2002,2002-03-20,"Washington, DC--VA--MD"
205,0.88,0.75,2.86,74.42,14.25,95.75,45.7,1,297.07,Flagstaff_Street_S2,2002,2002-05-02,"Washington, DC--VA--MD"
206,0.23,1.26,1.52,8.71,11.88,3.88,30.67,0.2,59.88,Flagstaff_Street_S2,2002,2002-10-10,"Washington, DC--VA--MD"
207,0.38,0.71,1.45,53.39,13.42,6.88,30.21,0.3,86.65,Flagstaff_Street_S2,2002,2002-11-12,"Washington, DC--VA--MD"
208,0.55,0.41,1.46,285,18.5,23.3,36.7,0.8,208.6,Flagstaff_Street_S2,2002,2002-12-20,"Washington, DC--VA--MD"
209,0.26,0.95,1,33.68,2.07,3.55,39.89,0.2,71.12,Flagstaff_Street_S2,2003,2003-02-21,"Washington, DC--VA--MD"
210,0.39,0.97,1.29,29.8,4.53,5.36,19.96,0.41,73.35,Flagstaff_Street_S2,2003,2003-03-20,"Washington, DC--VA--MD"
211,0.34,0.85,1.79,40.9,6.59,4.39,23.47,0.1,61.65,Flagstaff_Street_S2,2003,2003-05-21,"Washington, DC--VA--MD"
212,0.41,0.68,1.65,51.8,4.1,5.46,21.34,0.2,73.34,Flagstaff_Street_S2,2003,2003-06-19,"Washington, DC--VA--MD"
213,1.06,0.58,4.26,122.49,30.52,32.04,34.3,2.32,,Flagstaff_Street_S2,2003,2003-11-05,"Washington, DC--VA--MD"
214,0.69,0.57,1.27,126,10.35,7.08,16.5,0.26,70.03,Flagstaff_Street_S2,2003,2003-11-19,"Washington, DC--VA--MD"
215,0.28,0.68,0.89,3.87,3.75,3.85,16.1,0.18,66.5,Flagstaff_Street_S2,2003,2003-12-17,"Washington, DC--VA--MD"
216,0.27,0.88,1.84,26.2,3.03,7.36,25.6,0.22,82.88,Flagstaff_Street_S2,2004,2004-02-06,"Washington, DC--VA--MD"
217,0.52,1.85,1.88,43.78,5.69,8.9,20.6,0.2,99.89,Flagstaff_Street_S2,2004,2004-03-06,"Washington, DC--VA--MD"
218,0.31,,1.1,39.88,6.76,13.33,23.7,0.8,134.85,Flagstaff_Street_S2,2004,2004-03-16,"Washington, DC--VA--MD"
219,0.34,0.63,2.18,19.22,12.73,5.6,15.6,0.4,,Flagstaff_Street_S2,2004,2004-06-05,"Washington, DC--VA--MD"
220,0.48,1.78,1.75,39.61,42.71,6.84,26.9,0.32,62.52,Flagstaff_Street_S2,2004,2004-06-17,"Washington, DC--VA--MD"
221,0.29,1.21,1.04,13.89,6.35,2.03,11.1,0.5,48.92,Flagstaff_Street_S2,2004,2004-07-22,"Washington, DC--VA--MD"
222,0.43,0.58,1.38,41.08,3.62,11.29,16.3,0.24,75.45,Flagstaff_Street_S2,2004,2004-08-12,"Washington, DC--VA--MD"
223,0.29,0.69,0.95,78.8,2.26,5.15,12,0.29,43.68,Flagstaff_Street_S2,2004,2004-09-17,"Washington, DC--VA--MD"
224,0.4,1.57,0.7,40.38,10.76,3.09,31.06,2,,Flagstaff_Street_S2,2004,2004-11-04,"Washington, DC--VA--MD"
225,0.16,0.52,0.97,6.88,5.42,2.22,16.97,,37.07,Flagstaff_Street_S2,2004,2004-12-07,"Washington, DC--VA--MD"
226,0.29,0.45,1.58,9.95,4.3,4.46,18.44,,62.3,Flagstaff_Street_S2,2004,2004-12-09,"Washington, DC--VA--MD"
227,0.57,0.86,1.56,187.56,10.31,32.79,53.31,2,327.98,Flagstaff_Street_S2,2005,2005-02-14,"Washington, DC--VA--MD"
228,0.12,0.81,0.98,16.25,2.69,2.3,20,,46.6,Flagstaff_Street_S2,2005,2005-03-28,"Washington, DC--VA--MD"
229,0.49,0.89,2.11,73.86,15.09,9.16,26.24,0.23,82.89,Flagstaff_Street_S2,2005,2005-05-19,"Washington, DC--VA--MD"
230,0.33,0.2,0.84,68.83,,14.96,35.08,0.39,109.83,Flagstaff_Street_S2,2005,2005-07-07,"Washington, DC--VA--MD"
231,0.101,1.16,0.67,41.2,4.5,<3,25.6,0.202,91,Colonial_Village_CV2,1998,1998-02-11,"Washington, DC--VA--MD"
232,0.211,1.97,1.12,28,5.9,<3,24.8,<0.2,168,Colonial_Village_CV2,1998,1998-04-17,"Washington, DC--VA--MD"
233,0.26,1.44,1.89,6,9,0.9,26.2,0.18,92.6,Colonial_Village_CV2,1999,1999-10-04,"Washington, DC--VA--MD"
234,0.16,0.66,1.23,19,4,1.6,13.7,0.22,127,Colonial_Village_CV2,2000,2000-02-27,"Washington, DC--VA--MD"
235,0.12,0.54,0.85,17,3,0.8,14.8,<0.2,88.8,Colonial_Village_CV2,2000,2000-03-21,"Washington, DC--VA--MD"
236,0.1,0.8,2.7,9,4,<5,5,<0.5,20,Colonial_Village_CV2,2000,2000-09-19,"Washington, DC--VA--MD"
237,0.15,0.38,1.5,17,3,<5,57,<0.5,180,Colonial_Village_CV2,2000,2000-09-25,"Washington, DC--VA--MD"
238,0.12,3.1,1,<5,<2,<5,39,<0.5,290,Colonial_Village_CV2,2000,2000-11-14,"Washington, DC--VA--MD"
239,0.22,0.75,3.1,17,2,<5,19,<0.5,80,Colonial_Village_CV2,2001,2001-01-19,"Washington, DC--VA--MD"
240,0.11,0.75,0.71,7.6,4,1.4,5,0.21,43.9,Little_Pimmet_LP1,1999,1999-10-20,"Washington, DC--VA--MD"
241,0.2,0.33,0.9,14,13,1.5,4.9,<0.15,24.5,Little_Pimmet_LP1,1999,1999-12-06,"Washington, DC--VA--MD"
242,0.08,0.42,0.61,12,,<0.65,<0.45,<0.2,<0.6,Little_Pimmet_LP1,2000,2000-01-10,"Washington, DC--VA--MD"
243,0.24,0.55,1.16,360,17,1.7,9.9,<0.2,26,Little_Pimmet_LP1,2000,2000-03-16,"Washington, DC--VA--MD"
244,0.09,1.3,1,3,3,<5,2,<0.5,<10,Little_Pimmet_LP1,2000,2000-09-19,"Washington, DC--VA--MD"
245,0.23,0.14,4,7,4,<5,25,<5,30,Little_Pimmet_LP1,2000,2000-09-25,"Washington, DC--VA--MD"
246,0.39,1.3,1.9,26,19,6,20,<0.5,80,Little_Pimmet_LP1,2001,2001-01-08,"Washington, DC--VA--MD"
247,0.15,,1.3,13,4,<5,10,<0.5,30,Little_Pimmet_LP1,2001,2001-03-04,"Washington, DC--VA--MD"
248,0.07,0.89,0.55,3,2,1.4,9,0.25,45.6,Randolph_Street_RS3,1999,1999-09-21,"Washington, DC--VA--MD"
249,0.12,0.94,0.61,<5,3,<0.7,5.5,0.15,43.6,Randolph_Street_RS3,1999,1999-10-10,"Washington, DC--VA--MD"
250,0.18,0.63,0.73,22,5,1.1,8.7,0.22,50.6,Randolph_Street_RS3,1999,1999-12-10,"Washington, DC--VA--MD"
251,0.22,0.97,2.61,33,7,2.4,11.2,0.4,127,Randolph_Street_RS3,2000,2000-02-18,"Washington, DC--VA--MD"
252,0.17,0.368,0.93,52,8,2,9.7,<0.35,76.5,Randolph_Street_RS3,2000,2000-04-08,"Washington, DC--VA--MD"
253,0.2,1.7,1.6,35,3,<5,23,<0.5,230,Randolph_Street_RS3,2000,2000-08-18,"Washington, DC--VA--MD"
254,0.16,4.2,4.7,9,10,<5,62,<0.5,320,Randolph_Street_RS3,2000,2000-11-09,"Washington, DC--VA--MD"
255,0.3,2.8,<0.5,99,3,<5,24,<0.5,30,Randolph_Street_RS3,2001,2001-01-19,"Washington, DC--VA--MD"
256,0.256,0.29,0.64,82,7,<3,3.02,<0.2,10,Trades_Center_TC4,1998,1998-02-03,"Washington, DC--VA--MD"
257,0.17,1.1,2.8,27,13,<1,13.7,0.71,40.2,Trades_Center_TC4,1999,1999-04-01,"Washington, DC--VA--MD"
258,0.17,0.38,1.04,42,6,2.1,8.9,0.51,39.2,Trades_Center_TC4,1999,1999-09-15,"Washington, DC--VA--MD"
259,0.13,0.56,1.09,6,<2,1.9,13.2,0.27,36.8,Trades_Center_TC4,1999,1999-11-26,"Washington, DC--VA--MD"
260,0.19,0.44,0.96,80,7,1.7,5.8,0.25,24.5,Trades_Center_TC4,2000,2000-01-04,"Washington, DC--VA--MD"
261,0.14,1.46,2.23,62,9,1,13.4,2.2,86.8,Trades_Center_TC4,2000,2000-02-14,"Washington, DC--VA--MD"
262,0.19,0.89,2,20,14,1.5,7.1,<0.2,22.8,Trades_Center_TC4,2000,2000-03-12,"Washington, DC--VA--MD"
263,0.233,0.58,1.42,40,12,<1.6,10.1,<0.35,42,Trades_Center_TC4,2000,2000-04-04,"Washington, DC--VA--MD"
264,0.272,0.86,,22,13,<1.5,7.69,<1,23.3,Trades_Center_TC4,2000,2000-06-06,"Washington, DC--VA--MD"
265,0.22,1.1,<0.5,75,19,8,16,<0.5,70,Trades_Center_TC4,2001,2001-01-19,"Washington, DC--VA--MD"
266,0.29,1.5,0.7,92,13,<5,15,1,70,Trades_Center_TC4,2001,2001-03-04,"Washington, DC--VA--MD"
267,0.22,<0.02,<0.5,78,11,<5,6,<0.5,90,Trades_Center_TC4,2001,2001-06-01,"Washington, DC--VA--MD"
268,0.16,2.44,2.63,27,9,12,,<1,167,Sunset_Hills_Road,1992,1992-07-03,"Washington, DC--VA--MD"
269,0.05,0.15,1.51,406,4,20,27,6,87,Sunset_Hills_Road,1992,1992-10-09,"Washington, DC--VA--MD"
270,0.34,0.79,0.84,106,12,9,21,0.2,138,Sunset_Hills_Road,2000,2000-03-21,"Washington, DC--VA--MD"
271,0.27,1.48,2.94,220,11,9,33,0.5,72,Sunset_Hills_Road,2000,2000-03-25,"Washington, DC--VA--MD"
272,0.21,0.72,1.38,280,15,1,30,0.2,94,Sunset_Hills_Road,2000,2000-08-01,"Washington, DC--VA--MD"
273,0.44,0.14,3.56,39,>51,<5,16,<1,101,Onley_Road,1992,1992-06-18,"Washington, DC--VA--MD"
274,0.39,0.13,2.44,<5,6,4,2,<1,58,Onley_Road,1992,1992-07-31,"Washington, DC--VA--MD"
275,0.07,0.73,1.4,9,6,<5,3,<1,56,Green_Look_Place,1992,1992-04-21,"Washington, DC--VA--MD"
276,0.07,0.4,0.63,11,4,<5,4,<1,17,Green_Look_Place,1992,1992-06-04,"Washington, DC--VA--MD"
277,0.11,0.07,0.97,43,,5,12,<1,84,Green_Look_Place,1992,1992-07-31,"Washington, DC--VA--MD"
278,0.03,<0.02,0.89,10,4,4,9,5,31,Green_Look_Place,1992,1992-10-09,"Washington, DC--VA--MD"
279,0.09,2.67,1.68,32,9,<5,11,<1,69,Oakton_Terrace_Road,1992,1992-04-16,"Washington, DC--VA--MD"
280,0.18,0.05,1.57,8.3,9,<5,13,<1,43,Oakton_Terrace_Road,1992,1992-06-30,"Washington, DC--VA--MD"
281,0.24,0.28,0.67,72,8,5,13,5,53,Oakton_Terrace_Road,1992,1992-09-22,"Washington, DC--VA--MD"
282,0.05,0.5,1.39,6.5,4,<5,4,<1,12,Fairview_Park_Drive,1992,1992-07-12,"Washington, DC--VA--MD"
283,0.09,0.66,0.99,20,4,<5,,<1,19,Fairview_Park_Drive,1992,1992-08-11,"Washington, DC--VA--MD"
284,0.07,0.42,1.32,14,4,4,7,1,25,Fairview_Park_Drive,1992,1992-09-22,"Washington, DC--VA--MD"
285,0.13,0.31,1.04,24,8,<1,5,<0.1,51,Fairview_Park_Drive,2000,2000-11-10,"Washington, DC--VA--MD"
286,0.29,0.04,1.22,60,5,4,2,<1,37,Lakeview_Drive,1992,1992-07-31,"Washington, DC--VA--MD"
287,0.32,0.99,5.28,49,42,22,12,<1,64,Lakeview_Drive,1992,1992-10-09,"Washington, DC--VA--MD"
288,0.4,0.61,1.34,27,11,5,8,<0.1,30,Lakeview_Drive,2000,2000-09-19,"Washington, DC--VA--MD"
289,1.16,1.16,4.88,12,,1,8,<0.1,43,Lakeview_Drive,2000,2000-11-29,"Washington, DC--VA--MD"
290,0.15,0.57,1.54,42,10,<5,22,<1,45,Pumphrey_Drive,1992,1992-04-21,"Washington, DC--VA--MD"
291,0.23,2.38,2.53,19,10,<5,25,<1,27,Pumphrey_Drive,1992,1992-06-04,"Washington, DC--VA--MD"
292,0.08,0.3,1.42,3.2,2,<5,3,<1,6,Rock_Ridge_Road,1992,1992-07-21,"Washington, DC--VA--MD"
293,0.05,0.15,0.58,3.2,1,1,2,<1,10,Rock_Ridge_Road,1992,1992-10-09,"Washington, DC--VA--MD"
294,0.11,0.29,1.9,35,6,1,8,,22,Rock_Ridge_Road,2000,2000-09-02,"Washington, DC--VA--MD"
295,0.1,0.82,12.6,16,8,<5,14,<1,180,Boston_Boulevard,1992,1992-04-21,"Washington, DC--VA--MD"
296,0.67,1.99,5.4,290,18,<5,31,5,241,Boston_Boulevard,1992,1992-06-04,"Washington, DC--VA--MD"
297,0.11,1.15,2.56,16,8,<5,,<1,228,Boston_Boulevard,1992,1992-08-11,"Washington, DC--VA--MD"
298,0.22,0.65,1.38,33,9,2,16,<0.1,112,Prosperity_Avenue,2000,2000-08-01,"Washington, DC--VA--MD"
299,0.34,2.22,3.2,28,25,7,34,0.4,215,Prosperity_Avenue,2000,2000-11-29,"Washington, DC--VA--MD"
