,Station_Name,year,Lat,Lon,NAME10,Drainage_Area_Acres
0,Chase_Industrial_Park,1992,34.77972222222222,-86.52611111111109,"Huntsville, AL",19.5
1,Chase_Industrial_Park,1993,34.77972222222222,-86.52611111111109,"Huntsville, AL",19.5
2,Hunters_Ridge,1992,34.67277777777777,-86.58916666666666,"Huntsville, AL",78.3
3,Hunters_Ridge,1993,34.67277777777777,-86.58916666666666,"Huntsville, AL",78.3
4,Madison_Square_Mall,1992,34.73527777777778,-86.66555555555556,"Huntsville, AL",87.0
5,Madison_Square_Mall,1993,34.73527777777778,-86.66555555555556,"Huntsville, AL",87.0
6,Western_Research_Park,1992,34.73166666666667,-86.67055555555555,"Huntsville, AL",130.0
7,Western_Research_Park,1993,34.73166666666667,-86.67055555555555,"Huntsville, AL",130.0
8,C001,2003,33.53472222222222,-86.79083333333332,"Birmingham, AL",336.0
9,C002,2003,33.52916666666667,-86.83805555555556,"Birmingham, AL",750.0
10,C004L,2003,33.509444444444455,-86.82611111111109,"Birmingham, AL",2564.0
11,C004R,2003,33.509722222222216,-86.82611111111109,"Birmingham, AL",1047.0
12,C009,2003,33.467222222222226,-86.80861111111109,"Birmingham, AL",112.0
13,C010,2003,33.435277777777785,-86.77555555555556,"Birmingham, AL",167.0
14,C012,2003,33.374722222222225,-86.80333333333333,"Birmingham, AL",244.0
15,Daphne,1993,30.652777777777768,-87.91166666666668,"Daphne--Fairhope, AL",14.0
16,Saraland,1993,30.816388888888888,-88.07361111111109,"Mobile, AL",64.0
17,Mobile_Site_IV,1993,30.736666666666668,-88.05416666666666,"Mobile, AL",450.0
18,Mobile_Site_V,1993,30.67361111111111,-88.11388888888888,"Mobile, AL",304.0
19,Mobile_Site_VI,1993,30.67,-88.13888888888891,"Mobile, AL",194.0
20,Theodore,1993,30.56888888888889,-88.1736111111111,"Mobile, AL",27.0
21,48th_Street_Drain,1992,33.41694444444444,-111.97722222222221,"Phoenix--Mesa, AZ",39.0
22,27th_Ave_at_Salt_River,1992,33.408611111111114,-112.11555555555556,"Phoenix--Mesa, AZ",45.0
23,Aqua_Fria_at _Youngtown,1992,33.579722222222216,-112.30055555555555,"Phoenix--Mesa, AZ",81.0
24,43rd_Ave_at_Peoria,1993,33.582222222222235,-112.15111111111112,"Phoenix--Mesa, AZ",3.4
25,67th_Ave_Olive_Ave_at_Glendale,1994,33.5675,-112.20194444444445,"Phoenix--Mesa, AZ",17.8
26,Grant_Road_and_Wilson_Avenue,1997,32.25027222222222,-110.93858055555555,"Tucson, AZ",103.0
27,Grant_Road_and_Wilson_Avenue,1998,32.25027222222222,-110.93858055555555,"Tucson, AZ",103.0
28,Grant_Road_and_Wilson_Avenue,2000,32.25027222222222,-110.93858055555555,"Tucson, AZ",103.0
29,Grant_Road_and_Wilson_Avenue,2001,32.25027222222222,-110.93858055555555,"Tucson, AZ",103.0
30,Greenlee_Road,1997,32.271411111111114,-110.9015,"Tucson, AZ",48.3
31,Greenlee_Road,1998,32.271411111111114,-110.9015,"Tucson, AZ",48.3
32,Greenlee_Road,2000,32.271411111111114,-110.9015,"Tucson, AZ",48.3
33,Greenlee_Road,2001,32.271411111111114,-110.9015,"Tucson, AZ",48.3
34,El_Con_Mall,1998,32.20511388888889,-110.91805555555555,"Tucson, AZ",29.0
35,El_Con_Mall,1999,32.20511388888889,-110.91805555555555,"Tucson, AZ",29.0
36,El_Con_Mall,2000,32.20511388888889,-110.91805555555555,"Tucson, AZ",29.0
37,El_Con_Mall,2001,32.20511388888889,-110.91805555555555,"Tucson, AZ",29.0
38,17th_Street,1997,32.21348888888889,-110.9534,"Tucson, AZ",83.0
39,17th_Street,1998,32.21348888888889,-110.9534,"Tucson, AZ",83.0
40,17th_Street,1999,32.21348888888889,-110.9534,"Tucson, AZ",83.0
41,17th_Street,2000,32.21348888888889,-110.9534,"Tucson, AZ",83.0
42,17th_Street,2001,32.21348888888889,-110.9534,"Tucson, AZ",83.0
43,Santa_Monica_Pier_Drain_at_Appian_Way,1995,34.01052777777777,-118.49515,"Los Angeles--Long Beach--Anaheim, CA",81.3
44,Santa_Monica_Pier_Drain_at_Appian_Way,1996,34.01052777777777,-118.49515,"Los Angeles--Long Beach--Anaheim, CA",81.3
45,Santa_Monica_Pier_Drain_at_Appian_Way,1997,34.01052777777777,-118.49515,"Los Angeles--Long Beach--Anaheim, CA",81.3
46,Santa_Monica_Pier_Drain_at_Appian_Way,1998,34.01052777777777,-118.49515,"Los Angeles--Long Beach--Anaheim, CA",81.3
47,Santa_Monica_Pier_Drain_at_Appian_Way,1999,34.01052777777777,-118.49515,"Los Angeles--Long Beach--Anaheim, CA",81.3
48,Project_620_at_Glenwood_Rd_Bruce_Ave,1996,34.16720833333333,-118.27968333333334,"Los Angeles--Long Beach--Anaheim, CA",120.4
49,Project_620_at_Glenwood_Rd_Bruce_Ave,1997,34.16720833333333,-118.27968333333334,"Los Angeles--Long Beach--Anaheim, CA",120.4
50,Project_620_at_Glenwood_Rd_Bruce_Ave,1998,34.16720833333333,-118.27968333333334,"Los Angeles--Long Beach--Anaheim, CA",120.4
51,Project_620_at_Glenwood_Rd_Bruce_Ave,1999,34.16720833333333,-118.27968333333334,"Los Angeles--Long Beach--Anaheim, CA",120.4
52,Project_620_at_Glenwood_Rd_Bruce_Ave,2000,34.16720833333333,-118.27968333333334,"Los Angeles--Long Beach--Anaheim, CA",120.4
53,Project_620_at_Glenwood_Rd_Bruce_Ave,2001,34.16720833333333,-118.27968333333334,"Los Angeles--Long Beach--Anaheim, CA",120.4
54,Dominguez_Channel_at_116th_St_and_Isis Ave,1995,33.92917222222222,-118.37081111111112,"Los Angeles--Long Beach--Anaheim, CA",902.0
55,Dominguez_Channel_at_116th_St_and_Isis Ave,1996,33.92917222222222,-118.37081111111112,"Los Angeles--Long Beach--Anaheim, CA",902.0
56,Dominguez_Channel_at_116th_St_and_Isis Ave,1997,33.92917222222222,-118.37081111111112,"Los Angeles--Long Beach--Anaheim, CA",902.0
57,Dominguez_Channel_at_116th_St_and_Isis Ave,1998,33.92917222222222,-118.37081111111112,"Los Angeles--Long Beach--Anaheim, CA",902.0
58,Dominguez_Channel_at_116th_St_and_Isis Ave,1999,33.92917222222222,-118.37081111111112,"Los Angeles--Long Beach--Anaheim, CA",902.0
59,Dominguez_Channel_at_116th_St_and_Isis Ave,2000,33.92917222222222,-118.37081111111112,"Los Angeles--Long Beach--Anaheim, CA",902.0
60,Dominguez_Channel_at_116th_St_and_Isis Ave,2001,33.92917222222222,-118.37081111111112,"Los Angeles--Long Beach--Anaheim, CA",902.0
61,Project_1202_at_Wilmington_Ave_and_220th_St,1995,33.82801944444445,-118.24111111111112,"Los Angeles--Long Beach--Anaheim, CA",684.0
62,Project_1202_at_Wilmington_Ave_and_220th_St,1996,33.82801944444445,-118.24111111111112,"Los Angeles--Long Beach--Anaheim, CA",684.0
63,Project_1202_at_Wilmington_Ave_and_220th_St,1997,33.82801944444445,-118.24111111111112,"Los Angeles--Long Beach--Anaheim, CA",684.0
64,Project_1202_at_Wilmington_Ave_and_220th_St,1998,33.82801944444445,-118.24111111111112,"Los Angeles--Long Beach--Anaheim, CA",684.0
65,Project_1202_at_Wilmington_Ave_and_220th_St,1999,33.82801944444445,-118.24111111111112,"Los Angeles--Long Beach--Anaheim, CA",684.0
66,Project_1202_at_Wilmington_Ave_and_220th_St,2000,33.82801944444445,-118.24111111111112,"Los Angeles--Long Beach--Anaheim, CA",684.0
67,Project_1202_at_Wilmington_Ave_and_220th_St,2001,33.82801944444445,-118.24111111111112,"Los Angeles--Long Beach--Anaheim, CA",684.0
68,Project_474_at_Nordoff_St_Near_California_State_University,1997,34.237394444444455,-118.52643611111112,"Los Angeles--Long Beach--Anaheim, CA",262.0
69,Project_474_at_Nordoff_St_Near_California_State_University,1998,34.237394444444455,-118.52643611111112,"Los Angeles--Long Beach--Anaheim, CA",262.0
70,Project_474_at_Nordoff_St_Near_California_State_University,1999,34.237394444444455,-118.52643611111112,"Los Angeles--Long Beach--Anaheim, CA",262.0
71,Project_474_at_Nordoff_St_Near_California_State_University,2000,34.237394444444455,-118.52643611111112,"Los Angeles--Long Beach--Anaheim, CA",262.0
72,Project_474_at_Nordoff_St_Near_California_State_University,2001,34.237394444444455,-118.52643611111112,"Los Angeles--Long Beach--Anaheim, CA",262.0
73,Project_404_at_La_Cadena_Ave_and_West_Duarte_Rd,1997,34.12700277777777,-118.04949444444445,"Los Angeles--Long Beach--Anaheim, CA",214.5
74,Project_404_at_La_Cadena_Ave_and_West_Duarte_Rd,1998,34.12700277777777,-118.04949444444445,"Los Angeles--Long Beach--Anaheim, CA",214.5
75,Project_404_at_La_Cadena_Ave_and_West_Duarte_Rd,1999,34.12700277777777,-118.04949444444445,"Los Angeles--Long Beach--Anaheim, CA",214.5
76,Project_404_at_La_Cadena_Ave_and_West_Duarte_Rd,2000,34.12700277777777,-118.04949444444445,"Los Angeles--Long Beach--Anaheim, CA",214.5
77,Project_404_at_La_Cadena_Ave_and_West_Duarte_Rd,2001,34.12700277777777,-118.04949444444445,"Los Angeles--Long Beach--Anaheim, CA",214.5
78,Project_156_at_Concord_St_near_W_Wilson_Ave,1997,34.14795277777777,-118.27114166666668,"Los Angeles--Long Beach--Anaheim, CA",130.8
79,Project_156_at_Concord_St_near_W_Wilson_Ave,1998,34.14795277777777,-118.27114166666668,"Los Angeles--Long Beach--Anaheim, CA",130.8
80,Project_156_at_Concord_St_near_W_Wilson_Ave,1999,34.14795277777777,-118.27114166666668,"Los Angeles--Long Beach--Anaheim, CA",130.8
81,Project_156_at_Concord_St_near_W_Wilson_Ave,2000,34.14795277777777,-118.27114166666668,"Los Angeles--Long Beach--Anaheim, CA",130.8
82,Project_156_at_Concord_St_near_W_Wilson_Ave,2001,34.14795277777777,-118.27114166666668,"Los Angeles--Long Beach--Anaheim, CA",130.8
83,Sixteenth_Hole_Valley_Hi_Golf_Course,1992,38.82166666666667,-104.76166666666668,"Colorado Springs, CO",80.0
84,Chestnut_Street_at_Douglas_Creek,1992,38.896388888888886,-104.835,"Colorado Springs, CO",105.6
85,Chestnut_Street_at_Douglas_Creek,2002,38.896388888888886,-104.835,"Colorado Springs, CO",105.6
86,Beacon_Street_at_Buchanan_Street,1992,38.87777777777778,-104.82666666666668,"Colorado Springs, CO",110.72
87,Wahsatch_Street_at_Cross_Lane,1992,38.855,-104.81611111111113,"Colorado Springs, CO",209.28
88,Walmart_at_Eighth_Street,1992,38.826388888888886,-104.8375,"Colorado Springs, CO",31.36
89,Albe_Drive,1995,39.64769166666667,-75.71034166666666,"Philadelphia, PA--NJ--DE--MD",1.5
90,Albe_Drive,2002,39.64769166666667,-75.71034166666666,"Philadelphia, PA--NJ--DE--MD",1.5
91,Banning_Park,1995,39.71732777777778,-75.594875,"Philadelphia, PA--NJ--DE--MD",50.0
92,Banning_Park,1996,39.71732777777778,-75.594875,"Philadelphia, PA--NJ--DE--MD",50.0
93,Banning_Park,2002,39.71732777777778,-75.594875,"Philadelphia, PA--NJ--DE--MD",50.0
94,Banning_Park,2003,39.71732777777778,-75.594875,"Philadelphia, PA--NJ--DE--MD",50.0
95,Christiana_Mall,1995,39.67864722222222,-75.65260555555557,"Philadelphia, PA--NJ--DE--MD",10.0
96,Christiana_Mall,2002,39.67864722222222,-75.65260555555557,"Philadelphia, PA--NJ--DE--MD",10.0
97,Dawes_Drive,1995,39.65923611111111,-75.67537777777778,"Philadelphia, PA--NJ--DE--MD",28.0
98,Dawes_Drive,2002,39.65923611111111,-75.67537777777778,"Philadelphia, PA--NJ--DE--MD",28.0
99,Cresheim_Creek,1992,40.0711,-75.1913,"Philadelphia, PA--NJ--DE--MD",22.0
100,Tacony_Creek,1992,40.0533,-75.0993,"Philadelphia, PA--NJ--DE--MD",35.0
101,Byberry_Creek,1992,40.0596,-75.0037,"Philadelphia, PA--NJ--DE--MD",22.0
102,Wooden_Bridge_Run,1992,40.07433055555556,-75.02988055555555,"Philadelphia, PA--NJ--DE--MD",223.0
103,North_Byberry_Creek,1992,40.11080000000001,-74.98780000000002,"Philadelphia, PA--NJ--DE--MD",31.0
104,Ellsworth_Industrial_Drive,1995,33.797280555555545,-84.42830555555554,"Atlanta, GA",28.0
105,Ellsworth_Industrial_Drive,1996,33.797280555555545,-84.42830555555554,"Atlanta, GA",28.0
106,Beverly_Road_Doncaster_Drive,1995,33.797380555555556,-84.38395000000001,"Atlanta, GA",95.0
107,Beverly_Road_Doncaster_Drive,1996,33.797380555555556,-84.38395000000001,"Atlanta, GA",95.0
108,Beverly_Road_Doncaster_Drive,1997,33.797380555555556,-84.38395000000001,"Atlanta, GA",95.0
109,Southridge_Industrial_Park,1995,33.614469444444445,-84.42238055555556,"Atlanta, GA",18.0
110,Southridge_Industrial_Park,1996,33.614469444444445,-84.42238055555556,"Atlanta, GA",18.0
111,Southridge_Industrial_Park,1997,33.614469444444445,-84.42238055555556,"Atlanta, GA",18.0
112,Southridge_Industrial_Park,1998,33.614469444444445,-84.42238055555556,"Atlanta, GA",18.0
113,Southridge_Industrial_Park,1999,33.614469444444445,-84.42238055555556,"Atlanta, GA",18.0
114,Southridge_Industrial_Park,2000,33.614469444444445,-84.42238055555556,"Atlanta, GA",18.0
115,Tara_Road,1995,33.45825,-84.38064999999997,"Atlanta, GA",125.0
116,Tara_Road,1996,33.45825,-84.38064999999997,"Atlanta, GA",125.0
117,Tara_Road,1997,33.45825,-84.38064999999997,"Atlanta, GA",125.0
118,Tara_Road,1998,33.45825,-84.38064999999997,"Atlanta, GA",125.0
119,Tara_Road,1999,33.45825,-84.38064999999997,"Atlanta, GA",125.0
120,Tara_Road,2000,33.45825,-84.38064999999997,"Atlanta, GA",125.0
121,Cobb_Long_Term_1_Pebble_Creek_Lot989,1996,33.917030555555556,-84.458025,"Atlanta, GA",63.6
122,Cobb_Long_Term_1_Pebble_Creek_Lot989,1997,33.917030555555556,-84.458025,"Atlanta, GA",63.6
123,Cobb_Long_Term_1_Pebble_Creek_Lot989,1998,33.917030555555556,-84.458025,"Atlanta, GA",63.6
124,Cobb_Long_Term_1_Pebble_Creek_Lot989,1999,33.917030555555556,-84.458025,"Atlanta, GA",63.6
125,Cobb_Long_Term_1_Pebble_Creek_Lot989,2000,33.917030555555556,-84.458025,"Atlanta, GA",63.6
126,Cobb_Long_Term_1_Sewell_Mill_Creek_Roswell_Road,2000,33.97925555555556,-84.45189722222223,"Atlanta, GA",7590.4
127,Cobb_Long_Term_1_Sewell_Mill_Creek_Roswell_Road,2001,33.97925555555556,-84.45189722222223,"Atlanta, GA",7590.4
128,Cobb_Long_Term_2_Worley_Rd_Noonday_Creek,1995,34.031711111111115,-84.51861388888891,"Atlanta, GA",2947.0
129,Cobb_Long_Term_2_Worley_Rd_Noonday_Creek,1996,34.031711111111115,-84.51861388888891,"Atlanta, GA",2947.0
130,Cobb_Long_Term_2_Worley_Rd_Noonday_Creek,1997,34.031711111111115,-84.51861388888891,"Atlanta, GA",2947.0
131,Cobb_Long_Term_2_Worley_Rd_Noonday_Creek,1998,34.031711111111115,-84.51861388888891,"Atlanta, GA",2947.0
132,Cobb_Long_Term_2_Worley_Rd_Noonday_Creek,1999,34.031711111111115,-84.51861388888891,"Atlanta, GA",2947.0
133,Cobb_Long_Term_2_Worley_Rd_Noonday_Creek,2000,34.031711111111115,-84.51861388888891,"Atlanta, GA",2947.0
134,Cobb_Long_Term_2_Worley_Rd_Noonday_Creek,2001,34.031711111111115,-84.51861388888891,"Atlanta, GA",2947.0
135,Truman_Drive,1993,33.714400000000005,-84.176,"Atlanta, GA",115.0
136,Truman_Drive,1994,33.714400000000005,-84.176,"Atlanta, GA",115.0
137,Truman_Drive,1995,33.714400000000005,-84.176,"Atlanta, GA",115.0
138,Truman_Drive,1996,33.714400000000005,-84.176,"Atlanta, GA",115.0
139,Truman_Drive,1997,33.714400000000005,-84.176,"Atlanta, GA",115.0
140,Truman_Drive,1998,33.714400000000005,-84.176,"Atlanta, GA",115.0
141,Truman_Drive,1999,33.714400000000005,-84.176,"Atlanta, GA",115.0
142,Truman_Drive,2000,33.714400000000005,-84.176,"Atlanta, GA",115.0
143,Johns_Creek_Buice_Road,1994,34.0161,-84.211,"Atlanta, GA",10339.0
144,Johns_Creek_Buice_Road,1995,34.0161,-84.211,"Atlanta, GA",10339.0
145,Johns_Creek_Buice_Road,1996,34.0161,-84.211,"Atlanta, GA",10339.0
146,Johns_Creek_Buice_Road,1997,34.0161,-84.211,"Atlanta, GA",10339.0
147,Johns_Creek_Buice_Road,1998,34.0161,-84.211,"Atlanta, GA",10339.0
148,Johns_Creek_Buice_Road,1999,34.0161,-84.211,"Atlanta, GA",10339.0
149,Johns_Creek_Buice_Road,2000,34.0161,-84.211,"Atlanta, GA",10339.0
150,Johns_Creek_Buice_Road,2001,34.0161,-84.211,"Atlanta, GA",10339.0
151,Boat_Road_Blvd_Grange_Blvd,1994,33.7265,-84.5889,"Atlanta, GA",3915.0
152,Boat_Road_Blvd_Grange_Blvd,1995,33.7265,-84.5889,"Atlanta, GA",3915.0
153,Boat_Road_Blvd_Grange_Blvd,1996,33.7265,-84.5889,"Atlanta, GA",3915.0
154,Boat_Road_Blvd_Grange_Blvd,1997,33.7265,-84.5889,"Atlanta, GA",3915.0
155,Boat_Road_Blvd_Grange_Blvd,1998,33.7265,-84.5889,"Atlanta, GA",3915.0
156,Boat_Road_Blvd_Grange_Blvd,1999,33.7265,-84.5889,"Atlanta, GA",3915.0
157,Boat_Road_Blvd_Grange_Blvd,2000,33.7265,-84.5889,"Atlanta, GA",3915.0
158,Boat_Road_Blvd_Grange_Blvd,2001,33.7265,-84.5889,"Atlanta, GA",3915.0
159,Long_Island_Creek_Northside_Drive,1995,33.8859,-84.4272,"Atlanta, GA",6257.0
160,Long_Island_Creek_Northside_Drive,1996,33.8859,-84.4272,"Atlanta, GA",6257.0
161,Long_Island_Creek_Northside_Drive,1997,33.8859,-84.4272,"Atlanta, GA",6257.0
162,Long_Island_Creek_Northside_Drive,1998,33.8859,-84.4272,"Atlanta, GA",6257.0
163,Long_Island_Creek_Northside_Drive,1999,33.8859,-84.4272,"Atlanta, GA",6257.0
164,Long_Island_Creek_Northside_Drive,2000,33.8859,-84.4272,"Atlanta, GA",6257.0
165,Long_Island_Creek_Northside_Drive,2001,33.8859,-84.4272,"Atlanta, GA",6257.0
166,Koppels_Site,1999,43.621788888888894,-116.22398055555556,"Boise City, ID",14.0
167,Koppels_Site,2000,43.621788888888894,-116.22398055555556,"Boise City, ID",14.0
168,Koppels_Site,2001,43.621788888888894,-116.22398055555556,"Boise City, ID",14.0
169,Lucky_Drive_Site,1999,43.664419444444434,-116.25833333333334,"Boise City, ID",105.0
170,Lucky_Drive_Site,2000,43.664419444444434,-116.25833333333334,"Boise City, ID",105.0
171,Lucky_Drive_Site,2001,43.664419444444434,-116.25833333333334,"Boise City, ID",105.0
172,Franklin_Road_Site,1999,43.60499166666667,-116.30768055555555,"Boise City, ID",17.0
173,Franklin_Road_Site,2000,43.60499166666667,-116.30768055555555,"Boise City, ID",17.0
174,Franklin_Road_Site,2001,43.60499166666667,-116.30768055555555,"Boise City, ID",17.0
175,Basin_C1_control,1999,39.78056111111111,-85.98268055555555,"Indianapolis, IN",35.89
176,Basin_C1_control,2000,39.78056111111111,-85.98268055555555,"Indianapolis, IN",35.89
177,Basin_C1_control,2001,39.78056111111111,-85.98268055555555,"Indianapolis, IN",35.89
178,Basin_C1_control,2003,39.78056111111111,-85.98268055555555,"Indianapolis, IN",35.89
179,Basin_C2_test,1999,39.775480555555546,-85.98390555555555,"Indianapolis, IN",33.86
180,Basin_C2_test,2000,39.775480555555546,-85.98390555555555,"Indianapolis, IN",33.86
181,Basin_C2_test,2001,39.775480555555546,-85.98390555555555,"Indianapolis, IN",33.86
182,Basin_C2_test,2003,39.775480555555546,-85.98390555555555,"Indianapolis, IN",33.86
183,Basin_I1_control,1999,39.80000833333333,-86.04191666666668,"Indianapolis, IN",33.6
184,Basin_I1_control,2000,39.80000833333333,-86.04191666666668,"Indianapolis, IN",33.6
185,Basin_I1_control,2001,39.80000833333333,-86.04191666666668,"Indianapolis, IN",33.6
186,Basin_I1_control,2003,39.80000833333333,-86.04191666666668,"Indianapolis, IN",33.6
187,Basin_I2_test,1999,39.816619444444434,-86.00280833333332,"Indianapolis, IN",22.81
188,Basin_I2_test,2000,39.816619444444434,-86.00280833333332,"Indianapolis, IN",22.81
189,Basin_I2_test,2001,39.816619444444434,-86.00280833333332,"Indianapolis, IN",22.81
190,Basin_I2_test,2003,39.816619444444434,-86.00280833333332,"Indianapolis, IN",22.81
191,Basin_R1_control,1999,39.757169444444436,-85.9753527777778,"Indianapolis, IN",8.36
192,Basin_R1_control,2000,39.757169444444436,-85.9753527777778,"Indianapolis, IN",8.36
193,Basin_R1_control,2001,39.757169444444436,-85.9753527777778,"Indianapolis, IN",8.36
194,Basin_R1_control,2003,39.757169444444436,-85.9753527777778,"Indianapolis, IN",8.36
195,Basin_R2_test,1999,39.762572222222225,-85.97841666666667,"Indianapolis, IN",13.41
196,Basin_R2_test,2000,39.762572222222225,-85.97841666666667,"Indianapolis, IN",13.41
197,Basin_R2_test,2001,39.762572222222225,-85.97841666666667,"Indianapolis, IN",13.41
198,Basin_R2_test,2003,39.762572222222225,-85.97841666666667,"Indianapolis, IN",13.41
199,Eastland,1992,38.0475,-84.45833333333334,"Lexington-Fayette, KY",73.0
200,Eastland,1993,38.0475,-84.45833333333334,"Lexington-Fayette, KY",73.0
201,Eastland,1994,38.0475,-84.45833333333334,"Lexington-Fayette, KY",73.0
202,Eastland,1995,38.0475,-84.45833333333334,"Lexington-Fayette, KY",73.0
203,Mt_Vernon,1992,38.024444444444434,-84.49111111111111,"Lexington-Fayette, KY",71.0
204,Mt_Vernon,1993,38.024444444444434,-84.49111111111111,"Lexington-Fayette, KY",71.0
205,Mt_Vernon,1994,38.024444444444434,-84.49111111111111,"Lexington-Fayette, KY",71.0
206,Mt_Vernon,1995,38.024444444444434,-84.49111111111111,"Lexington-Fayette, KY",71.0
207,Mt_Vernon,1996,38.024444444444434,-84.49111111111111,"Lexington-Fayette, KY",71.0
208,Leestown,1992,38.07444444444445,-84.5475,"Lexington-Fayette, KY",94.0
209,Leestown,1993,38.07444444444445,-84.5475,"Lexington-Fayette, KY",94.0
210,Leestown,1995,38.07444444444445,-84.5475,"Lexington-Fayette, KY",94.0
211,Wilhite_Drive,1992,37.998888888888885,-84.51888888888887,"Lexington-Fayette, KY",38.0
212,Wilhite_Drive,1993,37.998888888888885,-84.51888888888887,"Lexington-Fayette, KY",38.0
213,Wilhite_Drive,1994,37.998888888888885,-84.51888888888887,"Lexington-Fayette, KY",38.0
214,Wilhite_Drive,1995,37.998888888888885,-84.51888888888887,"Lexington-Fayette, KY",38.0
215,Wilhite_Drive,1996,37.998888888888885,-84.51888888888887,"Lexington-Fayette, KY",38.0
216,West_Roxebury_13D077_078,1992,42.29588888888889,-71.14858333333333,"Boston, MA--NH--RI",86.7
217,West_Roxebury_13D077_078,1997,42.29588888888889,-71.14858333333333,"Boston, MA--NH--RI",86.7
218,West_Roxebury_13D077_078,1998,42.29588888888889,-71.14858333333333,"Boston, MA--NH--RI",86.7
219,Dorchester_8J102,1992,42.27205,-71.06816666666666,"Boston, MA--NH--RI",5.0
220,Brighton_25E037,1992,42.35716666666667,-71.1456388888889,"Boston, MA--NH--RI",31.5
221,Hyde_Park_2F120,1992,42.23788888888889,-71.12944444444443,"Boston, MA--NH--RI",103.0
222,Midway_industrial_park_MW,1992,39.112075,-76.70130833333333,"Baltimore, MD",5.0
223,Odenton_OD,1992,39.071422222222225,-76.69418611111111,"Baltimore, MD",28.0
224,Parole_Plaza_PP,1992,38.97540833333333,-76.53745555555554,"Baltimore, MD",25.0
225,Parole_Plaza_PP,1999,38.97540833333333,-76.53745555555554,"Baltimore, MD",25.0
226,Parole_Plaza_PP,2000,38.97540833333333,-76.53745555555554,"Baltimore, MD",25.0
227,Parole_Plaza_PP,2001,38.97540833333333,-76.53745555555554,"Baltimore, MD",25.0
228,Parole_Plaza_PP,2002,38.97540833333333,-76.53745555555554,"Baltimore, MD",25.0
229,Parole_Plaza_PP,2003,38.97540833333333,-76.53745555555554,"Baltimore, MD",25.0
230,Rolling_Knolls_RK,1992,38.995736111111114,-76.55898333333333,"Baltimore, MD",12.0
231,Science_Drive_SC,1992,39.19633055555556,-76.68554166666667,"Baltimore, MD",26.0
232,Brien_Run_BC,1993,39.337408333333336,-76.46968333333334,"Baltimore, MD",25.3
233,Brien_Run_BC,1994,39.337408333333336,-76.46968333333334,"Baltimore, MD",25.3
234,Spring_Branch_SC,1993,39.448636111111114,-76.62111666666667,"Baltimore, MD",83.5
235,Spring_Branch_SC,1994,39.448636111111114,-76.62111666666667,"Baltimore, MD",83.5
236,Spring_Branch_SC,1995,39.448636111111114,-76.62111666666667,"Baltimore, MD",83.5
237,Spring_Branch_SC,1996,39.448636111111114,-76.62111666666667,"Baltimore, MD",83.5
238,Spring_Branch_SC,1997,39.448636111111114,-76.62111666666667,"Baltimore, MD",83.5
239,Tabasco_Creek_TC,1994,39.27027222222222,-76.46467222222222,"Baltimore, MD",38.8
240,White_Marsh_Run_WC,1994,39.37619166666666,-76.47203888888889,"Baltimore, MD",73.0
241,Dulaney_Valley_Road_DV1FF_695_Baltimore_Beltway_interchange,1999,39.413841666666656,-76.60060555555555,"Baltimore, MD",4.0
242,Dulaney_Valley_Road_DV1FF_695_Baltimore_Beltway_interchange,2000,39.413841666666656,-76.60060555555555,"Baltimore, MD",4.0
243,Dulaney_Valley_Road_DV1FF_695_Baltimore_Beltway_interchange,2001,39.413841666666656,-76.60060555555555,"Baltimore, MD",4.0
244,Dulaney_Valley_Road_DV1FF_695_Baltimore_Beltway_interchange,2002,39.413841666666656,-76.60060555555555,"Baltimore, MD",4.0
245,Dulaney_Valley_Road_DV1FF_695_Baltimore_Beltway_interchange,2003,39.413841666666656,-76.60060555555555,"Baltimore, MD",4.0
246,Spring_Branch_Outfall_SB3,2000,39.45053055555556,-76.62084166666666,"Baltimore, MD",47.0
247,Spring_Branch_Outfall_SB3,2001,39.45053055555556,-76.62084166666666,"Baltimore, MD",47.0
248,Spring_Branch_Outfall_SB3,2002,39.45053055555556,-76.62084166666666,"Baltimore, MD",47.0
249,B_O_Wicomoco_and_Monroe_St,1993,39.27160833333333,-76.63884166666669,"Baltimore, MD",48.4
250,B_O_Wicomoco_and_Monroe_St,1994,39.27160833333333,-76.63884166666669,"Baltimore, MD",48.4
251,FMC_Patapsco_Ave,1992,39.26991388888889,-76.58321944444444,"Baltimore, MD",46.0
252,FMC_Patapsco_Ave,1993,39.26991388888889,-76.58321944444444,"Baltimore, MD",46.0
253,Hamilton_Avenue,1995,39.3366,-76.5386361111111,"Baltimore, MD",104.0
254,Hamilton_Avenue,1996,39.3366,-76.5386361111111,"Baltimore, MD",104.0
255,Hamilton_Avenue,1997,39.3366,-76.5386361111111,"Baltimore, MD",104.0
256,Hamilton_Avenue,1998,39.3366,-76.5386361111111,"Baltimore, MD",104.0
257,Hamilton_Avenue,1999,39.3366,-76.5386361111111,"Baltimore, MD",104.0
258,Hamilton_Avenue,2000,39.3366,-76.5386361111111,"Baltimore, MD",104.0
259,Hamilton_Avenue,2001,39.3366,-76.5386361111111,"Baltimore, MD",104.0
260,Hamilton_Avenue,2002,39.3366,-76.5386361111111,"Baltimore, MD",104.0
261,Hamilton_Avenue,2003,39.3366,-76.5386361111111,"Baltimore, MD",104.0
262,Homeland_HO,1992,39.35664166666667,-76.61453611111111,"Baltimore, MD",354.1
263,Herring_Run_HR,1992,39.318013888888885,-76.55996388888889,"Baltimore, MD",144.1
264,Herring_Run_HR,1993,39.318013888888885,-76.55996388888889,"Baltimore, MD",144.1
265,Koppers_Avenue_ KO,1993,39.26071666666667,-76.66979722222223,"Baltimore, MD",54.4
266,Koppers_Avenue_ KO,1994,39.26071666666667,-76.66979722222223,"Baltimore, MD",54.4
267,Sunset_Drive_SD,1994,39.60564166666667,-76.85633055555554,"Baltimore, MD",36.0
268,Burnside_Drive,2000,39.2704,-76.87065555555554,"Baltimore, MD",31.0
269,Burnside_Drive,2001,39.2704,-76.87065555555554,"Baltimore, MD",31.0
270,Burnside_Drive,2002,39.2704,-76.87065555555554,"Baltimore, MD",31.0
271,Carrigan_Drive,2000,39.271380555555545,-76.85293611111109,"Baltimore, MD",14.0
272,Carrigan_Drive,2001,39.271380555555545,-76.85293611111109,"Baltimore, MD",14.0
273,Carrigan_Drive,2002,39.271380555555545,-76.85293611111109,"Baltimore, MD",14.0
274,Pindell_School_Road_at_the_interchange_with_MD_32_PS1,1999,39.18178611111111,-76.89982222222223,"Baltimore, MD",20.0
275,Pindell_School_Road_at_the_interchange_with_MD_32_PS1,2000,39.18178611111111,-76.89982222222223,"Baltimore, MD",20.0
276,Pindell_School_Road_at_the_interchange_with_MD_32_PS1,2001,39.18178611111111,-76.89982222222223,"Baltimore, MD",20.0
277,Pindell_School_Road_at_the_interchange_with_MD_32_PS2,1999,39.18178611111111,-76.89982222222223,"Baltimore, MD",20.0
278,Pindell_School_Road_at_the_interchange_with_MD_32_PS2,2000,39.18178611111111,-76.89982222222223,"Baltimore, MD",20.0
279,Pindell_School_Road_at_the_interchange_with_MD_32_PS2,2001,39.18178611111111,-76.89982222222223,"Baltimore, MD",20.0
280,Dobbin_Center_DC,1993,39.19789444444445,-76.82005,"Baltimore, MD",7.5
281,Dobbin_Center_DC,1994,39.19789444444445,-76.82005,"Baltimore, MD",7.5
282,Food_Market_FM,1993,39.160775,-76.78840277777778,"Baltimore, MD",3.5
283,Food_Market_FM,1994,39.160775,-76.78840277777778,"Baltimore, MD",3.5
284,Green_Moon_GM,1993,39.162230555555546,-76.84129999999998,"Baltimore, MD",29.5
285,Green_Moon_GM,1994,39.162230555555546,-76.84129999999998,"Baltimore, MD",29.5
286,Murray_Hill_MH,1993,39.164991666666666,-76.8536361111111,"Baltimore, MD",19.0
287,Murray_Hill_MH,1994,39.164991666666666,-76.8536361111111,"Baltimore, MD",19.0
288,Oakland_Center_OC,1993,39.23359166666667,-76.82348888888889,"Baltimore, MD",11.7
289,Oakland_Center_OC,1994,39.23359166666667,-76.82348888888889,"Baltimore, MD",11.7
290,Dulaney_Valley_Road,1999,39.414225,-76.59298888888887,"Baltimore, MD",4.0
291,Dulaney_Valley_Road,2000,39.414225,-76.59298888888887,"Baltimore, MD",4.0
292,Pindell_School_Road,1998,39.17875,-76.88006388888887,"Baltimore, MD",20.0
293,Pindell_School_Road,1999,39.17875,-76.88006388888887,"Baltimore, MD",20.0
294,Pindell_School_Road,2000,39.17875,-76.88006388888887,"Baltimore, MD",20.0
295,Air_Business_Center,2000,39.604972222222216,-76.99821944444443,"Westminster--Eldersburg, MD",206.0
296,Air_Business_Center,2001,39.604972222222216,-76.99821944444443,"Westminster--Eldersburg, MD",206.0
297,Air_Business_Center,2002,39.604972222222216,-76.99821944444443,"Westminster--Eldersburg, MD",206.0
298,Air_Business_Center,2003,39.604972222222216,-76.99821944444443,"Westminster--Eldersburg, MD",206.0
299,Route_97_airportindustrial_BP,1994,39.60710277777777,-77.0,"Westminster--Eldersburg, MD",15.0
300,John_Street_JS,1993,39.580336111111116,-76.99083611111111,"Westminster--Eldersburg, MD",20.0
301,John_Street_JS,1994,39.580336111111116,-76.99083611111111,"Westminster--Eldersburg, MD",20.0
302,Candice_Estates_CE,1993,39.393425,-77.14690277777778,"Washington, DC--VA--MD",22.35
303,Candice_Estates_CE,1994,39.393425,-77.14690277777778,"Washington, DC--VA--MD",22.35
304,DPWT_Colesville_Road_Maintenance_Depot,1996,39.089508333333335,-76.99637777777778,"Washington, DC--VA--MD",13.36
305,DPWT_Colesville_Road_Maintenance_Depot,1997,39.089508333333335,-76.99637777777778,"Washington, DC--VA--MD",13.36
306,DPWT_Colesville_Road_Maintenance_Depot,1998,39.089508333333335,-76.99637777777778,"Washington, DC--VA--MD",13.36
307,DPWT_Colesville_Road_Maintenance_Depot,1999,39.089508333333335,-76.99637777777778,"Washington, DC--VA--MD",13.36
308,DPWT_Colesville_Road_Maintenance_Depot,2000,39.089508333333335,-76.99637777777778,"Washington, DC--VA--MD",13.36
309,DPWT_Colesville_Road_Maintenance_Depot,2001,39.089508333333335,-76.99637777777778,"Washington, DC--VA--MD",13.36
310,Burtons_Ville_Crossing_BC,1994,39.112897222222216,-76.931275,"Washington, DC--VA--MD",14.2
311,Burtons_Ville_Crossing_BC,1995,39.112897222222216,-76.931275,"Washington, DC--VA--MD",14.2
312,Ventura,1994,39.011325,-77.0070388888889,"Washington, DC--VA--MD",75.4
313,Ventura,1995,39.011325,-77.0070388888889,"Washington, DC--VA--MD",75.4
314,Quaint_Acres,1994,39.04701944444445,-77.00704166666667,"Washington, DC--VA--MD",34.2
315,Quaint_Acres,1995,39.04701944444445,-77.00704166666667,"Washington, DC--VA--MD",34.2
316,Southlawn_Lane,1994,39.10185555555557,-77.13566111111112,"Washington, DC--VA--MD",81.0
317,Southlawn_Lane,1995,39.10185555555557,-77.13566111111112,"Washington, DC--VA--MD",81.0
318,Wheaten_Plaza,1994,39.036025,-77.05456666666666,"Washington, DC--VA--MD",70.0
319,Wheaten_Plaza,1995,39.036025,-77.05456666666666,"Washington, DC--VA--MD",70.0
320,Brightseat_Rd_S1,1992,38.931616666666656,-76.86290555555556,"Washington, DC--VA--MD",19.7
321,Brightseat_Rd_S1,1993,38.931616666666656,-76.86290555555556,"Washington, DC--VA--MD",19.7
322,Brightseat_Rd_S1,1994,38.931616666666656,-76.86290555555556,"Washington, DC--VA--MD",19.7
323,Brightseat_Rd_S1,1995,38.931616666666656,-76.86290555555556,"Washington, DC--VA--MD",19.7
324,Brightseat_Rd_S1,1996,38.931616666666656,-76.86290555555556,"Washington, DC--VA--MD",19.7
325,Brightseat_Rd_S1,1997,38.931616666666656,-76.86290555555556,"Washington, DC--VA--MD",19.7
326,Maryland_50_Industrial_Park_S3,1992,38.91666666666666,-76.9238888888889,"Washington, DC--VA--MD",34.4
327,Maryland_50_Industrial_Park_S3,1993,38.91666666666666,-76.9238888888889,"Washington, DC--VA--MD",34.4
328,Wayne_Place_S4,1992,38.92222222222222,-76.91222222222223,"Washington, DC--VA--MD",102.5
329,Wayne_Place_S4,1993,38.92222222222222,-76.91222222222223,"Washington, DC--VA--MD",102.5
330,John_Hanson_S5,1992,38.91888888888889,-76.93083333333334,"Washington, DC--VA--MD",41.3
331,John_Hanson_S5,1993,38.91888888888889,-76.93083333333334,"Washington, DC--VA--MD",41.3
332,Pennsy_Dr_N3,1994,38.954613888888886,-76.89011944444445,"Washington, DC--VA--MD",42.4
333,Pennsy_Dr_N3,1995,38.954613888888886,-76.89011944444445,"Washington, DC--VA--MD",42.4
334,Pennsy_Dr_N3,1996,38.954613888888886,-76.89011944444445,"Washington, DC--VA--MD",42.4
335,Pennsy_Dr_N3,1997,38.954613888888886,-76.89011944444445,"Washington, DC--VA--MD",42.4
336,Flagstaff_Street_S2,1992,38.920666666666655,-76.89455833333334,"Washington, DC--VA--MD",57.3
337,Flagstaff_Street_S2,1993,38.920666666666655,-76.89455833333334,"Washington, DC--VA--MD",57.3
338,Flagstaff_Street_S2,1994,38.920666666666655,-76.89455833333334,"Washington, DC--VA--MD",57.3
339,Flagstaff_Street_S2,1995,38.920666666666655,-76.89455833333334,"Washington, DC--VA--MD",57.3
340,Flagstaff_Street_S2,1996,38.920666666666655,-76.89455833333334,"Washington, DC--VA--MD",57.3
341,Flagstaff_Street_S2,1997,38.920666666666655,-76.89455833333334,"Washington, DC--VA--MD",57.3
342,Flagstaff_Street_S2,1998,38.920666666666655,-76.89455833333334,"Washington, DC--VA--MD",57.3
343,Flagstaff_Street_S2,1999,38.920666666666655,-76.89455833333334,"Washington, DC--VA--MD",57.3
344,Flagstaff_Street_S2,2000,38.920666666666655,-76.89455833333334,"Washington, DC--VA--MD",57.3
345,Flagstaff_Street_S2,2001,38.920666666666655,-76.89455833333334,"Washington, DC--VA--MD",57.3
346,Flagstaff_Street_S2,2002,38.920666666666655,-76.89455833333334,"Washington, DC--VA--MD",57.3
347,Flagstaff_Street_S2,2003,38.920666666666655,-76.89455833333334,"Washington, DC--VA--MD",57.3
348,Colonial_Village_CV2,1998,38.896225,-77.081425,"Washington, DC--VA--MD",24.7
349,Colonial_Village_CV2,1999,38.896225,-77.081425,"Washington, DC--VA--MD",24.7
350,Colonial_Village_CV2,2000,38.896225,-77.081425,"Washington, DC--VA--MD",24.7
351,Colonial_Village_CV2,2001,38.896225,-77.081425,"Washington, DC--VA--MD",24.7
352,Little_Pimmet_LP1,1999,38.902525,-77.15361111111113,"Washington, DC--VA--MD",38.7
353,Little_Pimmet_LP1,2000,38.902525,-77.15361111111113,"Washington, DC--VA--MD",38.7
354,Little_Pimmet_LP1,2001,38.902525,-77.15361111111113,"Washington, DC--VA--MD",38.7
355,Randolph_Street_RS3,1999,38.84287777777778,-77.09034444444444,"Washington, DC--VA--MD",14.0
356,Randolph_Street_RS3,2000,38.84287777777778,-77.09034444444444,"Washington, DC--VA--MD",14.0
357,Randolph_Street_RS3,2001,38.84287777777778,-77.09034444444444,"Washington, DC--VA--MD",14.0
358,Trades_Center_TC4,1998,38.8443,-77.09254722222222,"Washington, DC--VA--MD",36.0
359,Trades_Center_TC4,1999,38.8443,-77.09254722222222,"Washington, DC--VA--MD",36.0
360,Trades_Center_TC4,2000,38.8443,-77.09254722222222,"Washington, DC--VA--MD",36.0
361,Trades_Center_TC4,2001,38.8443,-77.09254722222222,"Washington, DC--VA--MD",36.0
362,Sunset_Hills_Road,1992,38.9454,-77.32849999999998,"Washington, DC--VA--MD",20.1
363,Sunset_Hills_Road,2000,38.9454,-77.32849999999998,"Washington, DC--VA--MD",20.1
364,Onley_Road,1992,38.9186,-77.194,"Washington, DC--VA--MD",63.9
365,Green_Look_Place,1992,38.8663,-77.35629999999998,"Washington, DC--VA--MD",108.8
366,Oakton_Terrace_Road,1992,38.8742,-77.2923,"Washington, DC--VA--MD",39.7
367,Fairview_Park_Drive,1992,38.8643,-77.2144,"Washington, DC--VA--MD",213.4
368,Fairview_Park_Drive,2000,38.8643,-77.2144,"Washington, DC--VA--MD",213.4
369,Lakeview_Drive,1992,38.8459,-77.1667,"Washington, DC--VA--MD",49.9
370,Lakeview_Drive,2000,38.8459,-77.1667,"Washington, DC--VA--MD",49.9
371,Pumphrey_Drive,1992,38.8106,-77.3004,"Washington, DC--VA--MD",57.5
372,Rock_Ridge_Road,1992,38.7655,-77.146,"Washington, DC--VA--MD",63.8
373,Rock_Ridge_Road,2000,38.7655,-77.146,"Washington, DC--VA--MD",63.8
374,Boston_Boulevard,1992,38.7391,-77.1999,"Washington, DC--VA--MD",82.0
375,Prosperity_Avenue,2000,38.8783,-77.2388,"Washington, DC--VA--MD",37.9
376,Pond_R,2003,39.33823055555556,-77.3487111111111,"Frederick, MD",30.0
377,Brentwood_Park_Woodland_Hills,1999,39.53,-76.36999999999998,"Aberdeen--Bel Air South--Bel Air North, MD",69.7
378,Brentwood_Park_Woodland_Hills,2000,39.53,-76.36999999999998,"Aberdeen--Bel Air South--Bel Air North, MD",69.7
379,Constant_Friendship_CF,1993,39.466475,-76.31555,"Aberdeen--Bel Air South--Bel Air North, MD",14.4
380,Brentwood_Park_and_Woodland_Hills_Subdivisions,2000,39.5382,-76.37551388888888,"Aberdeen--Bel Air South--Bel Air North, MD",69.7
381,Brentwood_Park_and_Woodland_Hills_Subdivisions,2001,39.5382,-76.37551388888888,"Aberdeen--Bel Air South--Bel Air North, MD",69.7
382,Brentwood_Park_and_Woodland_Hills_Subdivisions,2002,39.5382,-76.37551388888888,"Aberdeen--Bel Air South--Bel Air North, MD",69.7
383,Brentwood_Park_and_Woodland_Hills_Subdivisions,2003,39.5382,-76.37551388888888,"Aberdeen--Bel Air South--Bel Air North, MD",69.7
384,Site1_Harriet_Pkwy_44th_St,2001,44.92255833333333,-93.29663888888888,"Minneapolis--St. Paul, MN--WI",143.0
385,Site1_Harriet_Pkwy_44th_St,2002,44.92255833333333,-93.29663888888888,"Minneapolis--St. Paul, MN--WI",143.0
386,E_Harriet_Pkwy_W44_St,2001,44.9231,-93.2856,"Minneapolis--St. Paul, MN--WI",143.0
387,Luella_St_Orange_Ave,2001,44.97940000000001,-93.0189,"Minneapolis--St. Paul, MN--WI",95.0
388,Vandalia_st,2001,44.9694,-93.1891,"Minneapolis--St. Paul, MN--WI",80.0
389,Charles_Ave,2001,44.9594,-93.1188,"Minneapolis--St. Paul, MN--WI",63.0
390,E_29_St_31_Ave_S,2001,44.950100000000006,-93.227,"Minneapolis--St. Paul, MN--WI",100.0
391,Site5a_Snelling_ave_S_and_E_24th_St,2001,44.95922222222222,-93.24363888888891,"Minneapolis--St. Paul, MN--WI",113.0
392,Site5a_Snelling_ave_S_and_E_24th_St,2002,44.95922222222222,-93.24363888888891,"Minneapolis--St. Paul, MN--WI",113.0
393,Site4_Charles_ave_Mackubin_to_Arundel_St,2001,44.95758888888889,-93.12003888888887,"Minneapolis--St. Paul, MN--WI",63.0
394,Site4_Charles_ave_Mackubin_to_Arundel_St,2002,44.95758888888889,-93.12003888888887,"Minneapolis--St. Paul, MN--WI",63.0
395,Site2_Luella_St_at_Orange_ave,2001,44.97933055555556,-93.017675,"Minneapolis--St. Paul, MN--WI",95.0
396,Site2_Luella_St_at_Orange_ave,2002,44.97933055555556,-93.017675,"Minneapolis--St. Paul, MN--WI",95.0
397,Site3_Vandalia_St_350_ft_S_of_Capp_Rd,2001,44.96772222222222,-93.18919166666667,"Minneapolis--St. Paul, MN--WI",80.0
398,Site3_Vandalia_St_350_ft_S_of_Capp_Rd,2002,44.96772222222222,-93.18919166666667,"Minneapolis--St. Paul, MN--WI",80.0
399,Brevard_Street,1992,35.24325,-80.81561111111111,"Charlotte, NC--SC",15.1
400,Brevard_Street,1993,35.24325,-80.81561111111111,"Charlotte, NC--SC",15.1
401,Hiddr2,1992,35.199555555555555,-80.78383333333333,"Charlotte, NC--SC",20.0
402,Hiddr2,1993,35.199555555555555,-80.78383333333333,"Charlotte, NC--SC",20.0
403,Hiddenbrook_Drive ,1992,35.271,-80.87519444444443,"Charlotte, NC--SC",20.0
404,Hiddenbrook_Drive ,1993,35.271,-80.87519444444443,"Charlotte, NC--SC",20.0
405,Nancr1,1992,35.08016666666667,-80.75275,"Charlotte, NC--SC",10.9
406,Nancr1,1993,35.08016666666667,-80.75275,"Charlotte, NC--SC",10.9
407,Nancr1,1994,35.08016666666667,-80.75275,"Charlotte, NC--SC",10.9
408,Rosem1,1992,35.09852777777778,-80.86080555555554,"Charlotte, NC--SC",78.87
409,Shefo1,1992,35.204333333333345,-80.77669444444443,"Charlotte, NC--SC",42.5
410,Shefo1,1993,35.204333333333345,-80.77669444444443,"Charlotte, NC--SC",42.5
411,Shefo1,1994,35.204333333333345,-80.77669444444443,"Charlotte, NC--SC",42.5
412,Simsr3,1992,35.1464,-80.80930555555554,"Charlotte, NC--SC",6.8
413,Simsr3,1993,35.1464,-80.80930555555554,"Charlotte, NC--SC",6.8
414,Starc1,1992,35.272888888888886,-80.82516666666666,"Charlotte, NC--SC",14.1
415,Starc1,1993,35.272888888888886,-80.82516666666666,"Charlotte, NC--SC",14.1
416,Yardc2,1992,35.18955555555555,-80.76547222222223,"Charlotte, NC--SC",88.6
417,Yardc2,1993,35.18955555555555,-80.76547222222223,"Charlotte, NC--SC",88.6
418,71_ST_High_School_100ft_NE_Raeford_SR1409,1993,35.03972222222222,-79.00777777777778,"Fayetteville, NC",36.0
419,71_ST_High_School_100ft_NE_Raeford_SR1409,1995,35.03972222222222,-79.00777777777778,"Fayetteville, NC",36.0
420,71_ST_High_School_100ft_NE_Raeford_SR1409,1996,35.03972222222222,-79.00777777777778,"Fayetteville, NC",36.0
421,71_ST_High_School_100ft_NE_Raeford_SR1409,1997,35.03972222222222,-79.00777777777778,"Fayetteville, NC",36.0
422,71_ST_High_School_100ft_NE_Raeford_SR1409,1998,35.03972222222222,-79.00777777777778,"Fayetteville, NC",36.0
423,71_ST_High_School_100ft_NE_Raeford_SR1409,1999,35.03972222222222,-79.00777777777778,"Fayetteville, NC",36.0
424,3606_Clearwater_Drive,1993,35.1089,-78.8978,"Fayetteville, NC",12.0
425,3606_Clearwater_Drive,1995,35.1089,-78.8978,"Fayetteville, NC",12.0
426,3606_Clearwater_Drive,1996,35.1089,-78.8978,"Fayetteville, NC",12.0
427,3606_Clearwater_Drive,1997,35.1089,-78.8978,"Fayetteville, NC",12.0
428,3606_Clearwater_Drive,1998,35.1089,-78.8978,"Fayetteville, NC",12.0
429,3606_Clearwater_Drive,1999,35.1089,-78.8978,"Fayetteville, NC",12.0
430,ELM_Street_Eutaw_Shopping_Center,1993,35.076100000000004,-78.92450000000002,"Fayetteville, NC",40.0
431,ELM_Street_Eutaw_Shopping_Center,1995,35.076100000000004,-78.92450000000002,"Fayetteville, NC",40.0
432,ELM_Street_Eutaw_Shopping_Center,1996,35.076100000000004,-78.92450000000002,"Fayetteville, NC",40.0
433,ELM_Street_Eutaw_Shopping_Center,1997,35.076100000000004,-78.92450000000002,"Fayetteville, NC",40.0
434,ELM_Street_Eutaw_Shopping_Center,1998,35.076100000000004,-78.92450000000002,"Fayetteville, NC",40.0
435,ELM_Street_Eutaw_Shopping_Center,1999,35.076100000000004,-78.92450000000002,"Fayetteville, NC",40.0
436,Rose_Apartments_225_Tiffany_Court,1992,35.0848,-78.8836,"Fayetteville, NC",39.27
437,Rose_Apartments_225_Tiffany_Court,1993,35.0848,-78.8836,"Fayetteville, NC",39.27
438,Rose_Apartments_225_Tiffany_Court,1995,35.0848,-78.8836,"Fayetteville, NC",39.27
439,Rose_Apartments_225_Tiffany_Court,1996,35.0848,-78.8836,"Fayetteville, NC",39.27
440,Rose_Apartments_225_Tiffany_Court,1997,35.0848,-78.8836,"Fayetteville, NC",39.27
441,Rose_Apartments_225_Tiffany_Court,1998,35.0848,-78.8836,"Fayetteville, NC",39.27
442,Rose_Apartments_225_Tiffany_Court,1999,35.0848,-78.8836,"Fayetteville, NC",39.27
443,Strickland_Bridge_Road,1993,35.0135,-79.041,"Fayetteville, NC",85.0
444,Strickland_Bridge_Road,1995,35.0135,-79.041,"Fayetteville, NC",85.0
445,Strickland_Bridge_Road,1996,35.0135,-79.041,"Fayetteville, NC",85.0
446,1740_Tryon_Rd,1995,35.092200000000005,-78.93560000000002,"Fayetteville, NC",25.0
447,1740_Tryon_Rd,1996,35.092200000000005,-78.93560000000002,"Fayetteville, NC",25.0
448,1740_Tryon_Rd,1997,35.092200000000005,-78.93560000000002,"Fayetteville, NC",25.0
449,1740_Tryon_Rd,1998,35.092200000000005,-78.93560000000002,"Fayetteville, NC",25.0
450,1740_Tryon_Rd,1999,35.092200000000005,-78.93560000000002,"Fayetteville, NC",25.0
451,Winslow_Pine_Railroad_tracks,1993,35.0445,-78.89020000000002,"Fayetteville, NC",12.0
452,Winslow_Pine_Railroad_tracks,1995,35.0445,-78.89020000000002,"Fayetteville, NC",12.0
453,Winslow_Pine_Railroad_tracks,1996,35.0445,-78.89020000000002,"Fayetteville, NC",12.0
454,Winslow_Pine_Railroad_tracks,1997,35.0445,-78.89020000000002,"Fayetteville, NC",12.0
455,Winslow_Pine_Railroad_tracks,1998,35.0445,-78.89020000000002,"Fayetteville, NC",12.0
456,Winslow_Pine_Railroad_tracks,1999,35.0445,-78.89020000000002,"Fayetteville, NC",12.0
457,Athena,1995,36.11888888888889,-79.83555555555554,"Greensboro, NC",21.0
458,Athena,1996,36.11888888888889,-79.83555555555554,"Greensboro, NC",21.0
459,Athena,1997,36.11888888888889,-79.83555555555554,"Greensboro, NC",21.0
460,Athena,1998,36.11888888888889,-79.83555555555554,"Greensboro, NC",21.0
461,Athena,1999,36.11888888888889,-79.83555555555554,"Greensboro, NC",21.0
462,Country_Park,1995,36.11888888888889,-79.83555555555554,"Greensboro, NC",18.5
463,Country_Park,1996,36.11888888888889,-79.83555555555554,"Greensboro, NC",18.5
464,Country_Park,1997,36.11888888888889,-79.83555555555554,"Greensboro, NC",18.5
465,Country_Park,1998,36.11888888888889,-79.83555555555554,"Greensboro, NC",18.5
466,Country_Park,1999,36.11888888888889,-79.83555555555554,"Greensboro, NC",18.5
467,Husbands_Street,1995,36.059166666666655,-79.83027777777778,"Greensboro, NC",13.0
468,Husbands_Street,1996,36.059166666666655,-79.83027777777778,"Greensboro, NC",13.0
469,Husbands_Street,1997,36.059166666666655,-79.83027777777778,"Greensboro, NC",13.0
470,Husbands_Street,1998,36.059166666666655,-79.83027777777778,"Greensboro, NC",13.0
471,Husbands_Street,1999,36.059166666666655,-79.83027777777778,"Greensboro, NC",13.0
472,Merrit_Drive,1995,36.0325,-79.8622222222222,"Greensboro, NC",23.0
473,Merrit_Drive,1996,36.0325,-79.8622222222222,"Greensboro, NC",23.0
474,Merrit_Drive,1997,36.0325,-79.8622222222222,"Greensboro, NC",23.0
475,Merrit_Drive,1998,36.0325,-79.8622222222222,"Greensboro, NC",23.0
476,Merrit_Drive,1999,36.0325,-79.8622222222222,"Greensboro, NC",23.0
477,Randlem_Road,1995,36.0525,-79.79833333333333,"Greensboro, NC",26.0
478,Randlem_Road,1996,36.0525,-79.79833333333333,"Greensboro, NC",26.0
479,Randlem_Road,1997,36.0525,-79.79833333333333,"Greensboro, NC",26.0
480,Randlem_Road,1998,36.0525,-79.79833333333333,"Greensboro, NC",26.0
481,Randlem_Road,1999,36.0525,-79.79833333333333,"Greensboro, NC",26.0
482,Union_Street,1995,36.0625,-79.80777777777777,"Greensboro, NC",33.0
483,Union_Street,1996,36.0625,-79.80777777777777,"Greensboro, NC",33.0
484,Union_Street,1997,36.0625,-79.80777777777777,"Greensboro, NC",33.0
485,Union_Street,1998,36.0625,-79.80777777777777,"Greensboro, NC",33.0
486,Union_Street,1999,36.0625,-79.80777777777777,"Greensboro, NC",33.0
487,Willoughby,1995,36.12194444444445,-79.80972222222222,"Greensboro, NC",13.0
488,Willoughby,1996,36.12194444444445,-79.80972222222222,"Greensboro, NC",13.0
489,Willoughby,1997,36.12194444444445,-79.80972222222222,"Greensboro, NC",13.0
490,Willoughby,1998,36.12194444444445,-79.80972222222222,"Greensboro, NC",13.0
491,Willoughby,1999,36.12194444444445,-79.80972222222222,"Greensboro, NC",13.0
492,Bell_Station,1992,45.45416666666667,-122.59277777777777,"Portland, OR--WA",15.0
493,Milwaukee,1993,45.458694444444454,-122.65034722222221,"Portland, OR--WA",165.0
494,Milwaukee,1994,45.458694444444454,-122.65034722222221,"Portland, OR--WA",165.0
495,Oregon_City,1992,45.337430555555564,-122.616975,"Portland, OR--WA",50.0
496,Oregon_City,1993,45.337430555555564,-122.616975,"Portland, OR--WA",50.0
497,Oregon_City,1994,45.337430555555564,-122.616975,"Portland, OR--WA",50.0
498,Wilson_Road,1992,45.302969444444436,-122.76028055555555,"Portland, OR--WA",41.0
499,Wilson_Road,1993,45.302969444444436,-122.76028055555555,"Portland, OR--WA",41.0
500,Wilson_Road,1994,45.302969444444436,-122.76028055555555,"Portland, OR--WA",41.0
501,E_3_Boeing,1993,45.545555555555545,-122.46630555555555,"Portland, OR--WA",292.0
502,E_3_Boeing,1994,45.545555555555545,-122.46630555555555,"Portland, OR--WA",292.0
503,E_3_Boeing,1996,45.545555555555545,-122.46630555555555,"Portland, OR--WA",292.0
504,I_13_Riverview_St,1993,45.50772222222222,-122.45177777777779,"Portland, OR--WA",789.0
505,I_13_Riverview_St,1994,45.50772222222222,-122.45177777777779,"Portland, OR--WA",789.0
506,I_13_Riverview_St,1996,45.50772222222222,-122.45177777777779,"Portland, OR--WA",789.0
507,M_16,1993,45.49777777777778,-122.43083333333334,"Portland, OR--WA",64.0
508,M_16,1994,45.49777777777778,-122.43083333333334,"Portland, OR--WA",64.0
509,M_16,1996,45.49777777777778,-122.43083333333334,"Portland, OR--WA",64.0
510,Portland,1995,45.52858333333333,-122.66525,"Portland, OR--WA",23.1
511,Portland,1996,45.52858333333333,-122.66525,"Portland, OR--WA",23.1
512,C_1_Jantzen_Beach,1992,45.61222222222222,-122.68375,"Portland, OR--WA",35.0
513,C_1_Jantzen_Beach,1993,45.61222222222222,-122.68375,"Portland, OR--WA",35.0
514,C_1_Jantzen_Beach,1995,45.61222222222222,-122.68375,"Portland, OR--WA",35.0
515,C_2_Salmon_Street,1992,45.515555555555565,-122.67361111111113,"Portland, OR--WA",75.0
516,C_2_Salmon_Street,1993,45.515555555555565,-122.67361111111113,"Portland, OR--WA",75.0
517,C_2_Salmon_Street,1995,45.515555555555565,-122.67361111111113,"Portland, OR--WA",75.0
518,C_2_Salmon_Street,1996,45.515555555555565,-122.67361111111113,"Portland, OR--WA",75.0
519,I_1_Yeon_Ave_35th_Ave,1992,45.54934166666666,-122.71888888888887,"Portland, OR--WA",46.0
520,I_1_Yeon_Ave_35th_Ave,1993,45.54934166666666,-122.71888888888887,"Portland, OR--WA",46.0
521,I_1_Yeon_Ave_35th_Ave,1995,45.54934166666666,-122.71888888888887,"Portland, OR--WA",46.0
522,I_1_Yeon_Ave_35th_Ave,1996,45.54934166666666,-122.71888888888887,"Portland, OR--WA",46.0
523,I_2_Swan_Island,1992,45.566311111111105,-122.71555555555555,"Portland, OR--WA",49.0
524,I_2_Swan_Island,1993,45.566311111111105,-122.71555555555555,"Portland, OR--WA",49.0
525,I_2_Swan_Island,1995,45.566311111111105,-122.71555555555555,"Portland, OR--WA",49.0
526,M_1_Columbia_Slough,1992,45.560972222222226,-122.53683888888888,"Portland, OR--WA",91.0
527,M_1_Columbia_Slough,1993,45.560972222222226,-122.53683888888888,"Portland, OR--WA",91.0
528,M_1_Columbia_Slough,1995,45.560972222222226,-122.53683888888888,"Portland, OR--WA",91.0
529,M_1_Columbia_Slough,1996,45.560972222222226,-122.53683888888888,"Portland, OR--WA",91.0
530,R_2 Sandy_Doulevard,1992,45.55394166666667,-122.51944444444445,"Portland, OR--WA",85.0
531,R_2 Sandy_Doulevard,1993,45.55394166666667,-122.51944444444445,"Portland, OR--WA",85.0
532,R_2 Sandy_Doulevard,1995,45.55394166666667,-122.51944444444445,"Portland, OR--WA",85.0
533,R_2 Sandy_Doulevard,1996,45.55394166666667,-122.51944444444445,"Portland, OR--WA",85.0
534,C1_Olive_Ave,1992,44.053338888888895,-123.09413888888888,"Eugene, OR",380.0
535,C1_Olive_Ave,1993,44.053338888888895,-123.09413888888888,"Eugene, OR",380.0
536,C1_Olive_Ave,1994,44.053338888888895,-123.09413888888888,"Eugene, OR",380.0
537,C1_Olive_Ave,1995,44.053338888888895,-123.09413888888888,"Eugene, OR",380.0
538,C1_Olive_Ave,1996,44.053338888888895,-123.09413888888888,"Eugene, OR",380.0
539,M1_Bailey_Ave,1992,44.06369444444446,-123.1122222222222,"Eugene, OR",886.0
540,M1_Bailey_Ave,1993,44.06369444444446,-123.1122222222222,"Eugene, OR",886.0
541,M1_Bailey_Ave,1994,44.06369444444446,-123.1122222222222,"Eugene, OR",886.0
542,M1_Bailey_Ave,1995,44.06369444444446,-123.1122222222222,"Eugene, OR",886.0
543,M1_Bailey_Ave,1996,44.06369444444446,-123.1122222222222,"Eugene, OR",886.0
544,R1_Coetivy_Ave,1992,44.090061111111105,-123.19180555555555,"Eugene, OR",377.0
545,R1_Coetivy_Ave,1993,44.090061111111105,-123.19180555555555,"Eugene, OR",377.0
546,R1_Coetivy_Ave,1994,44.090061111111105,-123.19180555555555,"Eugene, OR",377.0
547,R1_Coetivy_Ave,1995,44.090061111111105,-123.19180555555555,"Eugene, OR",377.0
548,R1_Coetivy_Ave,1996,44.090061111111105,-123.19180555555555,"Eugene, OR",377.0
549,Eugene,1995,44.06361111111111,-123.10111111111112,"Eugene, OR",18.2
550,Eugene,1996,44.06361111111111,-123.10111111111112,"Eugene, OR",18.2
551,Commercial,1995,44.93716666666666,-123.0421,"Salem, OR",31.0
552,Commercial,1996,44.93716666666666,-123.0421,"Salem, OR",31.0
553,Cottage,1995,44.93861111111111,-123.03388888888887,"Salem, OR",40.0
554,Cottage,1996,44.93861111111111,-123.03388888888887,"Salem, OR",40.0
555,Edgewater,1995,44.9423611111111,-123.05416666666666,"Salem, OR",35.0
556,Acker_Place,1992,35.9486111111111,-84.01666666666667,"Knoxville, TN",582.4
557,First_Creek,1992,36.03444444444444,-83.93472222222222,"Knoxville, TN",2880.0
558,First_Creek,1997,36.03444444444444,-83.93472222222222,"Knoxville, TN",2880.0
559,Gallaher_View,1992,35.916111111111114,-84.0522222222222,"Knoxville, TN",224.0
560,Third_Creek,1992,35.96250000000001,-83.99222222222222,"Knoxville, TN",352.0
561,Wellington_Drive,1992,35.929444444444435,-84.02805555555554,"Knoxville, TN",364.8
562,The_Parks_mall_AC603,1992,32.67822222222222,-97.13461111111113,"Dallas--Fort Worth--Arlington, TX",38.8
563,The_Parks_mall_AC603,1993,32.67822222222222,-97.13461111111113,"Dallas--Fort Worth--Arlington, TX",38.8
564,The_Parks_mall_AC603,1997,32.67822222222222,-97.13461111111113,"Dallas--Fort Worth--Arlington, TX",38.8
565,The_Parks_mall_AC603,1998,32.67822222222222,-97.13461111111113,"Dallas--Fort Worth--Arlington, TX",38.8
566,The_Parks_mall_AC603,1999,32.67822222222222,-97.13461111111113,"Dallas--Fort Worth--Arlington, TX",38.8
567,The_Parks_mall_AC603,2000,32.67822222222222,-97.13461111111113,"Dallas--Fort Worth--Arlington, TX",38.8
568,The_Parks_mall_AC603,2001,32.67822222222222,-97.13461111111113,"Dallas--Fort Worth--Arlington, TX",38.8
569,R_Legacy_PK_AR602,1992,32.782361111111115,-97.1165,"Dallas--Fort Worth--Arlington, TX",160.6
570,R_Legacy_PK_AR602,1993,32.782361111111115,-97.1165,"Dallas--Fort Worth--Arlington, TX",160.6
571,R_Legacy_PK_AR602,1997,32.782361111111115,-97.1165,"Dallas--Fort Worth--Arlington, TX",160.6
572,R_Legacy_PK_AR602,1998,32.782361111111115,-97.1165,"Dallas--Fort Worth--Arlington, TX",160.6
573,R_Legacy_PK_AR602,1999,32.782361111111115,-97.1165,"Dallas--Fort Worth--Arlington, TX",160.6
574,R_Legacy_PK_AR602,2000,32.782361111111115,-97.1165,"Dallas--Fort Worth--Arlington, TX",160.6
575,R_Legacy_PK_AR602,2001,32.782361111111115,-97.1165,"Dallas--Fort Worth--Arlington, TX",160.6
576,Trib_to_W_FK_Tri_AR601,1992,32.76869444444444,-97.08533333333332,"Dallas--Fort Worth--Arlington, TX",77.0
577,Trib_to_W_FK_Tri_AR601,1993,32.76869444444444,-97.08533333333332,"Dallas--Fort Worth--Arlington, TX",77.0
578,Trib_To_Johnson_Creek_AI604,1992,32.75966666666667,-97.06694444444445,"Dallas--Fort Worth--Arlington, TX",85.5
579,Trib_To_Johnson_Creek_AI604,1993,32.75966666666667,-97.06694444444445,"Dallas--Fort Worth--Arlington, TX",85.5
580,Joes_Cr_138,1992,32.86519444444445,-96.87913888888887,"Dallas--Fort Worth--Arlington, TX",9.0
581,Bastille_St_325,1992,32.77,-96.89027777777778,"Dallas--Fort Worth--Arlington, TX",49.5
582,Bastille_St_325,1997,32.77,-96.89027777777778,"Dallas--Fort Worth--Arlington, TX",49.5
583,Bastille_St_325,1998,32.77,-96.89027777777778,"Dallas--Fort Worth--Arlington, TX",49.5
584,Bastille_St_325,1999,32.77,-96.89027777777778,"Dallas--Fort Worth--Arlington, TX",49.5
585,Bastille_St_325,2000,32.77,-96.89027777777778,"Dallas--Fort Worth--Arlington, TX",49.5
586,Bastille_St_325,2001,32.77,-96.89027777777778,"Dallas--Fort Worth--Arlington, TX",49.5
587,Knights_Branch_34,1997,32.827694444444454,-96.83361111111113,"Dallas--Fort Worth--Arlington, TX",486.7
588,Knights_Branch_34,1998,32.827694444444454,-96.83361111111113,"Dallas--Fort Worth--Arlington, TX",486.7
589,Knights_Branch_34,1999,32.827694444444454,-96.83361111111113,"Dallas--Fort Worth--Arlington, TX",486.7
590,Knights_Branch_34,2000,32.827694444444454,-96.83361111111113,"Dallas--Fort Worth--Arlington, TX",486.7
591,Knights_Branch_34,2001,32.827694444444454,-96.83361111111113,"Dallas--Fort Worth--Arlington, TX",486.7
592,White_Rock_Creek_86,1992,32.933055555555555,-96.80305555555556,"Dallas--Fort Worth--Arlington, TX",59.1
593,White_Rock_Creek_86,1993,32.933055555555555,-96.80305555555556,"Dallas--Fort Worth--Arlington, TX",59.1
594,White_Rock_Creek_86,1997,32.933055555555555,-96.80305555555556,"Dallas--Fort Worth--Arlington, TX",59.1
595,White_Rock_Creek_86,1998,32.933055555555555,-96.80305555555556,"Dallas--Fort Worth--Arlington, TX",59.1
596,White_Rock_Creek_86,1999,32.933055555555555,-96.80305555555556,"Dallas--Fort Worth--Arlington, TX",59.1
597,White_Rock_Creek_86,2000,32.933055555555555,-96.80305555555556,"Dallas--Fort Worth--Arlington, TX",59.1
598,White_Rock_Creek_86,2001,32.933055555555555,-96.80305555555556,"Dallas--Fort Worth--Arlington, TX",59.1
599,Ash_Creek_55,1992,32.815277777777766,-96.70875,"Dallas--Fort Worth--Arlington, TX",71.3
600,Newton_Creek_189,1992,32.66061111111111,-96.76361111111113,"Dallas--Fort Worth--Arlington, TX",38.9
601,Newton_Creek_189,1997,32.66061111111111,-96.76361111111113,"Dallas--Fort Worth--Arlington, TX",38.9
602,Newton_Creek_189,1998,32.66061111111111,-96.76361111111113,"Dallas--Fort Worth--Arlington, TX",38.9
603,Newton_Creek_189,1999,32.66061111111111,-96.76361111111113,"Dallas--Fort Worth--Arlington, TX",38.9
604,Newton_Creek_189,2000,32.66061111111111,-96.76361111111113,"Dallas--Fort Worth--Arlington, TX",38.9
605,Newton_Creek_189,2001,32.66061111111111,-96.76361111111113,"Dallas--Fort Worth--Arlington, TX",38.9
606,Mountain_Creek_DH902,1997,32.67055555555555,-96.99972222222222,"Dallas--Fort Worth--Arlington, TX",115.36
607,Mountain_Creek_DH902,1998,32.67055555555555,-96.99972222222222,"Dallas--Fort Worth--Arlington, TX",115.36
608,Mountain_Creek_DH902,1999,32.67055555555555,-96.99972222222222,"Dallas--Fort Worth--Arlington, TX",115.36
609,Mountain_Creek_DH902,2000,32.67055555555555,-96.99972222222222,"Dallas--Fort Worth--Arlington, TX",115.36
610,Mountain_Creek_DH902,2001,32.67055555555555,-96.99972222222222,"Dallas--Fort Worth--Arlington, TX",115.36
611,Bachman_Branch_DH901,1998,32.92388888888889,-96.81916666666666,"Dallas--Fort Worth--Arlington, TX",12.05
612,Bachman_Branch_DH901,1999,32.92388888888889,-96.81916666666666,"Dallas--Fort Worth--Arlington, TX",12.05
613,Bachman_Branch_DH901,2000,32.92388888888889,-96.81916666666666,"Dallas--Fort Worth--Arlington, TX",12.05
614,Bachman_Branch_DH901,2001,32.92388888888889,-96.81916666666666,"Dallas--Fort Worth--Arlington, TX",12.05
615,Clear_FK_Trin_R_TRI_STG1,1992,32.70838888888889,-97.38288888888887,"Dallas--Fort Worth--Arlington, TX",61.7
616,Pylon_St_PY1,1992,32.825,-97.3442222222222,"Dallas--Fort Worth--Arlington, TX",151.6
617,Pylon_St_PY1,1997,32.825,-97.3442222222222,"Dallas--Fort Worth--Arlington, TX",151.6
618,Pylon_St_PY1,1998,32.825,-97.3442222222222,"Dallas--Fort Worth--Arlington, TX",151.6
619,Pylon_St_PY1,1999,32.825,-97.3442222222222,"Dallas--Fort Worth--Arlington, TX",151.6
620,Pylon_St_PY1,2000,32.825,-97.3442222222222,"Dallas--Fort Worth--Arlington, TX",151.6
621,Pylon_St_PY1,2001,32.825,-97.3442222222222,"Dallas--Fort Worth--Arlington, TX",151.6
622,West_Fk_Trinity_R_BEL1,1992,32.767361111111114,-97.31166666666668,"Dallas--Fort Worth--Arlington, TX",136.0
623,Dry_Branch_CRA1,1992,32.805861111111106,-97.31622222222221,"Dallas--Fort Worth--Arlington, TX",73.7
624,Dry_Branch_CRA1,1997,32.805861111111106,-97.31622222222221,"Dallas--Fort Worth--Arlington, TX",73.7
625,Dry_Branch_CRA1,1998,32.805861111111106,-97.31622222222221,"Dallas--Fort Worth--Arlington, TX",73.7
626,Dry_Branch_CRA1,1999,32.805861111111106,-97.31622222222221,"Dallas--Fort Worth--Arlington, TX",73.7
627,Dry_Branch_CRA1,2000,32.805861111111106,-97.31622222222221,"Dallas--Fort Worth--Arlington, TX",73.7
628,Dry_Branch_CRA1,2001,32.805861111111106,-97.31622222222221,"Dallas--Fort Worth--Arlington, TX",73.7
629,Estrn_Hills_HS_EH1,1992,32.74597222222222,-97.23894444444444,"Dallas--Fort Worth--Arlington, TX",150.8
630,Estrn_Hills_HS_EH1,1993,32.74597222222222,-97.23894444444444,"Dallas--Fort Worth--Arlington, TX",150.8
631,Estrn_Hills_HS_EH1,1997,32.74597222222222,-97.23894444444444,"Dallas--Fort Worth--Arlington, TX",150.8
632,Estrn_Hills_HS_EH1,1998,32.74597222222222,-97.23894444444444,"Dallas--Fort Worth--Arlington, TX",150.8
633,Estrn_Hills_HS_EH1,1999,32.74597222222222,-97.23894444444444,"Dallas--Fort Worth--Arlington, TX",150.8
634,Estrn_Hills_HS_EH1,2000,32.74597222222222,-97.23894444444444,"Dallas--Fort Worth--Arlington, TX",150.8
635,Estrn_Hills_HS_EH1,2001,32.74597222222222,-97.23894444444444,"Dallas--Fort Worth--Arlington, TX",150.8
636,Mills_Branch_Tributary_GM404,1997,32.91555555555556,-96.63583333333334,"Dallas--Fort Worth--Arlington, TX",268.0
637,Mills_Branch_Tributary_GM404,1998,32.91555555555556,-96.63583333333334,"Dallas--Fort Worth--Arlington, TX",268.0
638,Mills_Branch_Tributary_GM404,1999,32.91555555555556,-96.63583333333334,"Dallas--Fort Worth--Arlington, TX",268.0
639,Mills_Branch_Tributary_GM404,2000,32.91555555555556,-96.63583333333334,"Dallas--Fort Worth--Arlington, TX",268.0
640,Mills_Branch_Tributary_GM404,2001,32.91555555555556,-96.63583333333334,"Dallas--Fort Worth--Arlington, TX",268.0
641,Trib_to_Duck_Creek_GI401,1992,32.892361111111114,-96.67583333333334,"Dallas--Fort Worth--Arlington, TX",33.9
642,Trib_to_Duck_Creek_GI401,1997,32.892361111111114,-96.67583333333334,"Dallas--Fort Worth--Arlington, TX",33.9
643,Trib_to_Duck_Creek_GI401,1998,32.892361111111114,-96.67583333333334,"Dallas--Fort Worth--Arlington, TX",33.9
644,Trib_to_Duck_Creek_GI401,1999,32.892361111111114,-96.67583333333334,"Dallas--Fort Worth--Arlington, TX",33.9
645,Trib_to_Duck_Creek_GI401,2000,32.892361111111114,-96.67583333333334,"Dallas--Fort Worth--Arlington, TX",33.9
646,Trib_to_Duck_Creek_GI401,2001,32.892361111111114,-96.67583333333334,"Dallas--Fort Worth--Arlington, TX",33.9
647,Sleepy_Hollow_St_GR402,1992,32.84908333333333,-96.63922222222223,"Dallas--Fort Worth--Arlington, TX",67.3
648,Sleepy_Hollow_St_GR402,1993,32.84908333333333,-96.63922222222223,"Dallas--Fort Worth--Arlington, TX",67.3
649,I635_Outfall_at_CE_GC403,1992,32.855944444444454,-96.64866666666668,"Dallas--Fort Worth--Arlington, TX",36.2
650,I635_Outfall_at_CE_GC403,1993,32.855944444444454,-96.64866666666668,"Dallas--Fort Worth--Arlington, TX",36.2
651,Bear_Cr_IR501,1992,32.785527777777766,-96.97697222222223,"Dallas--Fort Worth--Arlington, TX",65.3
652,Bear_Cr_IR501,1993,32.785527777777766,-96.97697222222223,"Dallas--Fort Worth--Arlington, TX",65.3
653,Bear_Cr_IR501,1997,32.785527777777766,-96.97697222222223,"Dallas--Fort Worth--Arlington, TX",65.3
654,Bear_Cr_IR501,1998,32.785527777777766,-96.97697222222223,"Dallas--Fort Worth--Arlington, TX",65.3
655,Bear_Cr_IR501,1999,32.785527777777766,-96.97697222222223,"Dallas--Fort Worth--Arlington, TX",65.3
656,Bear_Cr_IR501,2000,32.785527777777766,-96.97697222222223,"Dallas--Fort Worth--Arlington, TX",65.3
657,Bear_Cr_IR501,2001,32.785527777777766,-96.97697222222223,"Dallas--Fort Worth--Arlington, TX",65.3
658,Cottonwood_Branch_Trib_IM504,1999,32.86888888888889,-96.98527777777778,"Dallas--Fort Worth--Arlington, TX",127.7
659,Cottonwood_Branch_Trib_IM504,2000,32.86888888888889,-96.98527777777778,"Dallas--Fort Worth--Arlington, TX",127.7
660,Cottonwood_Branch_Trib_IM504,2001,32.86888888888889,-96.98527777777778,"Dallas--Fort Worth--Arlington, TX",127.7
661,Hereford_Rd_II503,1992,32.870194444444444,-96.97080555555556,"Dallas--Fort Worth--Arlington, TX",43.4
662,Hereford_Rd_II503,1993,32.870194444444444,-96.97080555555556,"Dallas--Fort Worth--Arlington, TX",43.4
663,Trib_to_ELM_FK_II502,1992,32.816527777777765,-96.91338888888887,"Dallas--Fort Worth--Arlington, TX",43.9
664,Trib_to_ELM_FK_II502,1993,32.816527777777765,-96.91338888888887,"Dallas--Fort Worth--Arlington, TX",43.9
665,South_mesquite_I635__MC801,1993,32.80472222222222,-96.62777777777777,"Dallas--Fort Worth--Arlington, TX",45.9
666,South_mesquite_I635__MC801,1997,32.80472222222222,-96.62777777777777,"Dallas--Fort Worth--Arlington, TX",45.9
667,South_mesquite_I635__MC801,1998,32.80472222222222,-96.62777777777777,"Dallas--Fort Worth--Arlington, TX",45.9
668,South_mesquite_I635__MC801,1999,32.80472222222222,-96.62777777777777,"Dallas--Fort Worth--Arlington, TX",45.9
669,South_mesquite_I635__MC801,2000,32.80472222222222,-96.62777777777777,"Dallas--Fort Worth--Arlington, TX",45.9
670,South_mesquite_I635__MC801,2001,32.80472222222222,-96.62777777777777,"Dallas--Fort Worth--Arlington, TX",45.9
671,South_Mesquite_South_Parkway_MC802,1993,32.78683333333333,-96.63472222222221,"Dallas--Fort Worth--Arlington, TX",45.4
672,South_Mesquite_Bruton_Road__MC803,1993,32.74677777777778,-96.60194444444444,"Dallas--Fort Worth--Arlington, TX",46.2
673,Rowlett_Cr_PR701,1992,33.028972222222215,-96.68597222222223,"Dallas--Fort Worth--Arlington, TX",51.4
674,Rowlett_Cr_PR701,1993,33.028972222222215,-96.68597222222223,"Dallas--Fort Worth--Arlington, TX",51.4
675,Beck_Brach_PU704,1998,33.00277777777778,-96.66833333333334,"Dallas--Fort Worth--Arlington, TX",73.5
676,Beck_Brach_PU704,1999,33.00277777777778,-96.66833333333334,"Dallas--Fort Worth--Arlington, TX",73.5
677,Beck_Brach_PU704,2000,33.00277777777778,-96.66833333333334,"Dallas--Fort Worth--Arlington, TX",73.5
678,Beck_Brach_PU704,2001,33.00277777777778,-96.66833333333334,"Dallas--Fort Worth--Arlington, TX",73.5
679,Spring_Creek_PC702,1992,33.02722222222222,-96.71286111111112,"Dallas--Fort Worth--Arlington, TX",22.7
680,Spring_Creek_PC702,1993,33.02722222222222,-96.71286111111112,"Dallas--Fort Worth--Arlington, TX",22.7
681,Spring_Creek_PC702,1997,33.02722222222222,-96.71286111111112,"Dallas--Fort Worth--Arlington, TX",22.7
682,Spring_Creek_PC702,1998,33.02722222222222,-96.71286111111112,"Dallas--Fort Worth--Arlington, TX",22.7
683,Spring_Creek_PC702,1999,33.02722222222222,-96.71286111111112,"Dallas--Fort Worth--Arlington, TX",22.7
684,Spring_Creek_PC702,2000,33.02722222222222,-96.71286111111112,"Dallas--Fort Worth--Arlington, TX",22.7
685,Spring_Creek_PC702,2001,33.02722222222222,-96.71286111111112,"Dallas--Fort Worth--Arlington, TX",22.7
686,Spring_Creek_PI703,1993,32.997305555555556,-96.70669444444445,"Dallas--Fort Worth--Arlington, TX",49.0
687,Deer_Creek_TH904,1997,32.58833333333334,-97.31888888888888,"Dallas--Fort Worth--Arlington, TX",63.13
688,Deer_Creek_TH904,1998,32.58833333333334,-97.31888888888888,"Dallas--Fort Worth--Arlington, TX",63.13
689,Deer_Creek_TH904,1999,32.58833333333334,-97.31888888888888,"Dallas--Fort Worth--Arlington, TX",63.13
690,Deer_Creek_TH904,2000,32.58833333333334,-97.31888888888888,"Dallas--Fort Worth--Arlington, TX",63.13
691,Deer_Creek_TH904,2001,32.58833333333334,-97.31888888888888,"Dallas--Fort Worth--Arlington, TX",63.13
692,Overbluff,1999,29.78477777777778,-95.154,"Houston, TX",560.0
693,Overbluff,2000,29.78477777777778,-95.154,"Houston, TX",560.0
694,Overbluff,2001,29.78477777777778,-95.154,"Houston, TX",560.0
695,Cypress_Trace_Station,1992,30.030972222222218,-95.43994444444445,"Houston, TX",95.0
696,Cypress_Trace_Station,1993,30.030972222222218,-95.43994444444445,"Houston, TX",95.0
697,Cypress_Trace_Station,1999,30.030972222222218,-95.43994444444445,"Houston, TX",95.0
698,Cypress_Trace_Station,2000,30.030972222222218,-95.43994444444445,"Houston, TX",95.0
699,Cypress_Trace_Station,2001,30.030972222222218,-95.43994444444445,"Houston, TX",95.0
700,Steeplechase,1999,29.927277777777782,-95.58713888888887,"Houston, TX",32.0
701,Steeplechase,2000,29.927277777777782,-95.58713888888887,"Houston, TX",32.0
702,Steeplechase,2001,29.927277777777782,-95.58713888888887,"Houston, TX",32.0
703,Bayport,1993,29.617916666666666,-95.0525,"Houston, TX",99.0
704,Bayport,1998,29.617916666666666,-95.0525,"Houston, TX",99.0
705,Bayport,1999,29.617916666666666,-95.0525,"Houston, TX",99.0
706,Bayport,2000,29.617916666666666,-95.0525,"Houston, TX",99.0
707,Bayport,2001,29.617916666666666,-95.0525,"Houston, TX",99.0
708,WillowBrook_Mall,1992,29.958111111111112,-95.54325,"Houston, TX",81.0
709,WillowBrook_Mall,1993,29.958111111111112,-95.54325,"Houston, TX",81.0
710,Little_Cypress_Creek,1992,29.962472222222218,-95.61944444444444,"Houston, TX",401.0
711,Little_Cypress_Creek,1993,29.962472222222218,-95.61944444444444,"Houston, TX",401.0
712,Briar_Forest,1992,29.755722222222218,-95.63133333333332,"Houston, TX",44.0
713,Eleventh_Street,1992,29.7435,-95.53466666666668,"Houston, TX",232.0
714,Eleventh_Street,1993,29.7435,-95.53466666666668,"Houston, TX",232.0
715,Eleventh_Street,1999,29.7435,-95.53466666666668,"Houston, TX",232.0
716,Eleventh_Street,2000,29.7435,-95.53466666666668,"Houston, TX",232.0
717,Eleventh_Street,2001,29.7435,-95.53466666666668,"Houston, TX",232.0
718,Lazybrook,1992,29.788833333333336,-95.43263888888887,"Houston, TX",65.0
719,Lazybrook,1999,29.788833333333336,-95.43263888888887,"Houston, TX",65.0
720,Lazybrook,2000,29.788833333333336,-95.43263888888887,"Houston, TX",65.0
721,Lazybrook,2001,29.788833333333336,-95.43263888888887,"Houston, TX",65.0
722,Memorial_City_Mall,1992,29.781861111111112,-95.53833333333333,"Houston, TX",24.0
723,Memorial_City_Mall,1999,29.781861111111112,-95.53833333333333,"Houston, TX",24.0
724,Tanglewilde,1992,29.80404444444445,-95.43444444444445,"Houston, TX",38.0
725,Tanglewilde,1999,29.80404444444445,-95.43444444444445,"Houston, TX",38.0
726,Tanglewilde,2000,29.80404444444445,-95.43444444444445,"Houston, TX",38.0
727,Tanglewilde,2001,29.80404444444445,-95.43444444444445,"Houston, TX",38.0
728,CoverLeaf_Mall_CC4,1996,37.49479444444445,-77.52904444444444,"Richmond, VA",60.0
729,CoverLeaf_Mall_CC4,1997,37.49479444444445,-77.52904444444444,"Richmond, VA",60.0
730,CoverLeaf_Mall_CC4,1998,37.49479444444445,-77.52904444444444,"Richmond, VA",60.0
731,CoverLeaf_Mall_CC4,1999,37.49479444444445,-77.52904444444444,"Richmond, VA",60.0
732,CoverLeaf_Mall_CC4,2000,37.49479444444445,-77.52904444444444,"Richmond, VA",60.0
733,CoverLeaf_Mall_CC4,2001,37.49479444444445,-77.52904444444444,"Richmond, VA",60.0
734,Buck_Rub_Drive_CC5,1996,37.40009722222222,-77.65236944444446,"Richmond, VA",10.0
735,Buck_Rub_Drive_CC5,1997,37.40009722222222,-77.65236944444446,"Richmond, VA",10.0
736,Buck_Rub_Drive_CC5,1998,37.40009722222222,-77.65236944444446,"Richmond, VA",10.0
737,Buck_Rub_Drive_CC5,1999,37.40009722222222,-77.65236944444446,"Richmond, VA",10.0
738,Buck_Rub_Drive_CC5,2000,37.40009722222222,-77.65236944444446,"Richmond, VA",10.0
739,Buck_Rub_Drive_CC5,2001,37.40009722222222,-77.65236944444446,"Richmond, VA",10.0
740,Gates_bluff_1A,1999,37.37954166666667,-77.52731388888887,"Richmond, VA",10.0
741,Gates_bluff_1A,2000,37.37954166666667,-77.52731388888887,"Richmond, VA",10.0
742,Gates_bluff_1A,2001,37.37954166666667,-77.52731388888887,"Richmond, VA",10.0
743,Helmsley_road_2A,1999,37.531527777777775,-77.667725,"Richmond, VA",60.0
744,Helmsley_road_2A,2000,37.531527777777775,-77.667725,"Richmond, VA",60.0
745,Helmsley_road_2A,2001,37.531527777777775,-77.667725,"Richmond, VA",60.0
746,Oak_river_drive_OF2,1993,37.2317,-77.5363,"Richmond, VA",19.05
747,Oak_river_drive_OF2,1996,37.2317,-77.5363,"Richmond, VA",19.05
748,Oak_river_drive_OF2,1997,37.2317,-77.5363,"Richmond, VA",19.05
749,Kings_mill_road_OF3,1993,37.5234,-77.64920000000002,"Richmond, VA",13.5
750,Kings_mill_road_OF3,1996,37.5234,-77.64920000000002,"Richmond, VA",13.5
751,Kings_mill_road_OF3,1997,37.5234,-77.64920000000002,"Richmond, VA",13.5
752,Kings_mill_road_OF3,1998,37.5234,-77.64920000000002,"Richmond, VA",13.5
753,Kings_mill_road_OF3,1999,37.5234,-77.64920000000002,"Richmond, VA",13.5
754,Laurel_oak_road_OF5,1993,37.480119444444455,-77.46317222222223,"Richmond, VA",55.6
755,Laurel_oak_road_OF5,1996,37.480119444444455,-77.46317222222223,"Richmond, VA",55.6
756,Laurel_oak_road_OF5,1997,37.480119444444455,-77.46317222222223,"Richmond, VA",55.6
757,Laurel_oak_road_OF5,1998,37.480119444444455,-77.46317222222223,"Richmond, VA",55.6
758,Laurel_oak_road_OF5,1999,37.480119444444455,-77.46317222222223,"Richmond, VA",55.6
759,Laurel_oak_road_OF5,2000,37.480119444444455,-77.46317222222223,"Richmond, VA",55.6
760,Laurel_oak_road_OF5,2001,37.480119444444455,-77.46317222222223,"Richmond, VA",55.6
761,Dickens_Place_C1,1992,37.59860000000001,-77.51,"Richmond, VA",65.0
762,Carousel_Lane_C2,1992,37.6283,-77.5333,"Richmond, VA",70.0
763,Carousel_Lane_C2,1993,37.6283,-77.5333,"Richmond, VA",70.0
764,Tomlyn_Street_N1,1993,37.5791,-77.4799,"Richmond, VA",75.0
765,Impala_Drive_and_Galaxy_Road_N2,1992,37.6173,-77.4916,"Richmond, VA",23.0
766,Impala_Drive_and_Galaxy_Road_N2,1993,37.6173,-77.4916,"Richmond, VA",23.0
767,Prestwick_Circle_R1,1992,37.6234,-77.53359999999998,"Richmond, VA",40.0
768,Prestwick_Circle_R1,1993,37.6234,-77.53359999999998,"Richmond, VA",40.0
769,Westbury_Drive_R2,1992,37.6089,-77.5544,"Richmond, VA",70.0
770,Westbury_Drive_R2,1993,37.6089,-77.5544,"Richmond, VA",70.0
771,Etheridge_rd_Mt_Pleasant_Rd_C1,1993,36.7049,-76.21170000000002,"Virginia Beach, VA",57.0
772,Hunningdon_Lakes_C2,1993,36.7527,-76.20790000000002,"Virginia Beach, VA",188.0
773,Hunningdon_Lakes_C2,1999,36.7527,-76.20790000000002,"Virginia Beach, VA",188.0
774,Hunningdon_Lakes_C2,2001,36.7527,-76.20790000000002,"Virginia Beach, VA",188.0
775,Horse_Run_Ditch_C3,1993,36.7119,-76.2425,"Virginia Beach, VA",32.0
776,Horse_Run_Ditch_C3,1999,36.7119,-76.2425,"Virginia Beach, VA",32.0
777,Horse_Run_Ditch_C3,2000,36.7119,-76.2425,"Virginia Beach, VA",32.0
778,Horse_Run_Ditch_C3,2001,36.7119,-76.2425,"Virginia Beach, VA",32.0
779,Woodford_Square_Along_Battlefield_Blvd_C4,1993,36.7443,-76.2445,"Virginia Beach, VA",28.0
780,Cavalier_Industrial_Park_C5,1993,36.7875,-76.3592,"Virginia Beach, VA",16.0
781,Commerce_Drive_H1,1992,37.03866111111111,-76.38918055555557,"Virginia Beach, VA",115.0
782,Commerce_Drive_H1,1993,37.03866111111111,-76.38918055555557,"Virginia Beach, VA",115.0
783,Mingee_Drive_H2,1992,37.01616111111111,-76.39985,"Virginia Beach, VA",47.0
784,Mingee_Drive_H2,1993,37.01616111111111,-76.39985,"Virginia Beach, VA",47.0
785,Hampton_Club_H3,1992,37.05443055555556,-76.40189166666667,"Virginia Beach, VA",18.0
786,Hampton_Club_H3,1993,37.05443055555556,-76.40189166666667,"Virginia Beach, VA",18.0
787,Bay_Avenue_H4,1992,37.0011,-76.38721111111111,"Virginia Beach, VA",134.0
788,Bay_Avenue_H4,1993,37.0011,-76.38721111111111,"Virginia Beach, VA",134.0
789,Armisted_Avenue_N1,1992,36.86495,-76.2849111111111,"Virginia Beach, VA",43.0
790,Armisted_Avenue_N1,1993,36.86495,-76.2849111111111,"Virginia Beach, VA",43.0
791,Armisted_Avenue_N1,1994,36.86495,-76.2849111111111,"Virginia Beach, VA",43.0
792,Armisted_Avenue_N1,1999,36.86495,-76.2849111111111,"Virginia Beach, VA",43.0
793,Armisted_Avenue_N1,2000,36.86495,-76.2849111111111,"Virginia Beach, VA",43.0
794,Armisted_Avenue_N1,2001,36.86495,-76.2849111111111,"Virginia Beach, VA",43.0
795,Modoc_Avenue_N2,1992,36.93791944444444,-76.23315833333334,"Virginia Beach, VA",97.0
796,Modoc_Avenue_N2,1993,36.93791944444444,-76.23315833333334,"Virginia Beach, VA",97.0
797,Modoc_Avenue_N2,1994,36.93791944444444,-76.23315833333334,"Virginia Beach, VA",97.0
798,Modoc_Avenue_N2,1999,36.93791944444444,-76.23315833333334,"Virginia Beach, VA",97.0
799,Modoc_Avenue_N2,2000,36.93791944444444,-76.23315833333334,"Virginia Beach, VA",97.0
800,Modoc_Avenue_N2,2001,36.93791944444444,-76.23315833333334,"Virginia Beach, VA",97.0
801,Liitle_Creek_Road_N3,1992,36.9169,-76.2298,"Virginia Beach, VA",27.0
802,Liitle_Creek_Road_N3,1993,36.9169,-76.2298,"Virginia Beach, VA",27.0
803,Liitle_Creek_Road_N3,1994,36.9169,-76.2298,"Virginia Beach, VA",27.0
804,Liitle_Creek_Road_N3,1999,36.9169,-76.2298,"Virginia Beach, VA",27.0
805,Liitle_Creek_Road_N3,2000,36.9169,-76.2298,"Virginia Beach, VA",27.0
806,Liitle_Creek_Road_N3,2001,36.9169,-76.2298,"Virginia Beach, VA",27.0
807,Military_Circle_N4,1992,36.84840000000001,-76.2098,"Virginia Beach, VA",43.0
808,Military_Circle_N4,1993,36.84840000000001,-76.2098,"Virginia Beach, VA",43.0
809,Military_Circle_N4,1994,36.84840000000001,-76.2098,"Virginia Beach, VA",43.0
810,Military_Circle_N4,1999,36.84840000000001,-76.2098,"Virginia Beach, VA",43.0
811,Military_Circle_N4,2000,36.84840000000001,-76.2098,"Virginia Beach, VA",43.0
812,Military_Circle_N4,2001,36.84840000000001,-76.2098,"Virginia Beach, VA",43.0
813,Sewels_Point_N5,1992,36.87776111111111,-76.23321111111113,"Virginia Beach, VA",39.0
814,Sewels_Point_N5,1993,36.87776111111111,-76.23321111111113,"Virginia Beach, VA",39.0
815,Sewels_Point_N5,1994,36.87776111111111,-76.23321111111113,"Virginia Beach, VA",39.0
816,Sewels_Point_N5,1999,36.87776111111111,-76.23321111111113,"Virginia Beach, VA",39.0
817,Sewels_Point_N5,2000,36.87776111111111,-76.23321111111113,"Virginia Beach, VA",39.0
818,Sewels_Point_N5,2001,36.87776111111111,-76.23321111111113,"Virginia Beach, VA",39.0
819,Oyster_Point_Park_Thimble_Shoals_Blvd_NN5,1998,37.0833,-76.4671,"Virginia Beach, VA",83.0
820,Oyster_Point_Park_Thimble_Shoals_Blvd_NN5,2000,37.0833,-76.4671,"Virginia Beach, VA",83.0
821,Oyster_Point_Park_Thimble_Shoals_Blvd_NN5,2001,37.0833,-76.4671,"Virginia Beach, VA",83.0
822,Cradock_Shopping_Center_P1,1993,36.8096,-76.3175,"Virginia Beach, VA",27.2
823,Cradock_Shopping_Center_P1,1999,36.8096,-76.3175,"Virginia Beach, VA",27.2
824,Cradock_Shopping_Center_P1,2000,36.8096,-76.3175,"Virginia Beach, VA",27.2
825,Cradock_Shopping_Center_P1,2001,36.8096,-76.3175,"Virginia Beach, VA",27.2
826,West_Park_Homes_P2,1993,36.8151,-76.38279999999997,"Virginia Beach, VA",101.1
827,West_Park_Homes_P2,1999,36.8151,-76.38279999999997,"Virginia Beach, VA",101.1
828,West_Park_Homes_P2,2000,36.8151,-76.38279999999997,"Virginia Beach, VA",101.1
829,Church_Land_Shopping_Center_P3,1993,36.8603,-76.3879,"Virginia Beach, VA",46.0
830,Church_Land_Shopping_Center_P3,1999,36.8603,-76.3879,"Virginia Beach, VA",46.0
831,Church_Land_Shopping_Center_P3,2000,36.8603,-76.3879,"Virginia Beach, VA",46.0
832,Edgefield_Apartments_P4,1992,36.8852,-76.38289999999998,"Virginia Beach, VA",35.3
833,Edgefield_Apartments_P4,1993,36.8852,-76.38289999999998,"Virginia Beach, VA",35.3
834,Edgefield_Apartments_P4,1999,36.8852,-76.38289999999998,"Virginia Beach, VA",35.3
835,Edgefield_Apartments_P4,2000,36.8852,-76.38289999999998,"Virginia Beach, VA",35.3
836,South_Hampton_P5,1992,36.89048055555556,-76.39178055555556,"Virginia Beach, VA",53.5
837,South_Hampton_P5,1993,36.89048055555556,-76.39178055555556,"Virginia Beach, VA",53.5
838,South_Hampton_P5,1999,36.89048055555556,-76.39178055555556,"Virginia Beach, VA",53.5
839,South_Hampton_P5,2000,36.89048055555556,-76.39178055555556,"Virginia Beach, VA",53.5
840,Bow_Creek_V1,1992,36.82451666666667,-76.09079722222222,"Virginia Beach, VA",63.0
841,Bow_Creek_V1,1999,36.82451666666667,-76.09079722222222,"Virginia Beach, VA",63.0
842,Bow_Creek_V1,2000,36.82451666666667,-76.09079722222222,"Virginia Beach, VA",63.0
843,Salem_Road_V2,1992,36.774669444444434,-76.12239722222222,"Virginia Beach, VA",260.0
844,Salem_Road_V2,1999,36.774669444444434,-76.12239722222222,"Virginia Beach, VA",260.0
845,Salem_Road_V2,2000,36.774669444444434,-76.12239722222222,"Virginia Beach, VA",260.0
846,Salem_Road_V2,2001,36.774669444444434,-76.12239722222222,"Virginia Beach, VA",260.0
847,Haygood_V3,1992,36.8739,-76.1387,"Virginia Beach, VA",63.0
848,Haygood_V3,1999,36.8739,-76.1387,"Virginia Beach, VA",63.0
849,Haygood_V3,2000,36.8739,-76.1387,"Virginia Beach, VA",63.0
850,Haygood_V3,2001,36.8739,-76.1387,"Virginia Beach, VA",63.0
851,Viking_Drive_V4,1992,36.820886111111115,-76.06472777777778,"Virginia Beach, VA",29.0
852,Viking_Drive_V4,1999,36.820886111111115,-76.06472777777778,"Virginia Beach, VA",29.0
853,Viking_Drive_V4,2000,36.820886111111115,-76.06472777777778,"Virginia Beach, VA",29.0
854,Viking_Drive_V4,2001,36.820886111111115,-76.06472777777778,"Virginia Beach, VA",29.0
855,Holland_Road_V5,1992,36.816836111111115,-76.11573055555554,"Virginia Beach, VA",882.0
856,Holland_Road_V5,1999,36.816836111111115,-76.11573055555554,"Virginia Beach, VA",882.0
857,Holland_Road_V5,2000,36.816836111111115,-76.11573055555554,"Virginia Beach, VA",882.0
