,Nitrogen Kjeldahl Total (mg/L),TSS (mg/L),TDS_mg/L,COD as O2 (mg/L),BOD5 as O2 (mg/L),Phosphorous Total as P (mg/L),Ammonia (mg/L),Phosphorous Filtered as P (mg/L),N02+NO3 (mg/L as N),Station_Name,year,date,NAME10
0,1.54,22,84,37,3,0.43,0.4,0.33,0.63,Briarfield_Drive_C1A,1997,1997-11-01,"Virginia Beach, VA"
1,1.33,50,56,72,20,0.41,0.2,0.11,0.55,Briarfield_Drive_C1A,1998,1998-01-13,"Virginia Beach, VA"
2,1.13,58,61,39,3,0.33,0.26,0.14,0.41,Briarfield_Drive_C1A,1998,1998-02-04,"Virginia Beach, VA"
3,1.97,78,82,77,15,0.51,0.28,0.17,0.49,Briarfield_Drive_C1A,1998,1998-04-09,"Virginia Beach, VA"
4,1.64,28,53,79,8,0.3,0.77,0.17,1.27,Briarfield_Drive_C1A,1998,1998-06-10,"Virginia Beach, VA"
5,1.1,42,30,44,7,0.2,0.17,0.07,0.39,Briarfield_Drive_C1A,1999,1999-02-18,"Virginia Beach, VA"
6,3.35,116,41,99,17,0.69,0.84,0.43,0.61,Briarfield_Drive_C1A,1999,1999-05-13,"Virginia Beach, VA"
7,1.84,29,70,45,13,0.47,0.79,0.3,1.28,Briarfield_Drive_C1A,1999,1999-06-15,"Virginia Beach, VA"
8,1.4,33,25,40,5,0.09,0.14,<0.05,0.4,Etheridge_rd_Mt_Pleasant_Rd_C1,1993,1993-02-26,"Virginia Beach, VA"
9,1.13,76,20,25,3,0.27,<0.2,0.09,0.28,Etheridge_rd_Mt_Pleasant_Rd_C1,1993,1993-03-13,"Virginia Beach, VA"
10,2.28,51,55,60,20,0.37,0.15,<0.05,0.9,Etheridge_rd_Mt_Pleasant_Rd_C1,1993,1993-04-21,"Virginia Beach, VA"
11,0.43,72,25,51,4,0.19,,0.07,0.19,Etheridge_rd_Mt_Pleasant_Rd_C1,1996,1996-08-13,"Virginia Beach, VA"
12,0.91,59,52,51,4,0.24,0.1,0.05,0.42,Etheridge_rd_Mt_Pleasant_Rd_C1,1996,1996-09-17,"Virginia Beach, VA"
13,1.05,43,50,37,5,0.38,0.4,0.24,0.42,Etheridge_rd_Mt_Pleasant_Rd_C1,1996,1996-10-19,"Virginia Beach, VA"
14,1.46,53,66,51,,0.37,0.18,0.1,0.74,Etheridge_rd_Mt_Pleasant_Rd_C1,1996,1996-12-05,"Virginia Beach, VA"
15,0.72,25,62,20,10,<0.06,0.18,<0.05,0.23,Hunningdon_Lakes_C2,1993,1993-02-26,"Virginia Beach, VA"
16,0.88,52,15,30,5,0.15,<0.2,<0.05,0.12,Hunningdon_Lakes_C2,1993,1993-03-13,"Virginia Beach, VA"
17,0.87,23,87,25,7,0.11,0.23,<0.05,0.29,Hunningdon_Lakes_C2,1993,1993-04-21,"Virginia Beach, VA"
18,0.63,12,95,19,4,0.06,0.31,,0.12,Hunningdon_Lakes_C2,1996,1996-09-11,"Virginia Beach, VA"
19,0.9,11,98,38,1,0.08,0.45,,0.13,Hunningdon_Lakes_C2,1996,1996-09-29,"Virginia Beach, VA"
20,1.03,15,78,25,3,0.19,0.52,0.13,0.15,Hunningdon_Lakes_C2,1996,1996-10-19,"Virginia Beach, VA"
21,0.93,44,96,36,5,0.21,0.18,,0.24,Hunningdon_Lakes_C2,1997,1997-08-20,"Virginia Beach, VA"
22,1.29,43,92,25,3,0.24,0.45,0.16,0.29,Hunningdon_Lakes_C2,1997,1997-11-01,"Virginia Beach, VA"
23,1.02,40,99,23,2,0.18,0.63,,0.3,Hunningdon_Lakes_C2,1998,1998-01-27,"Virginia Beach, VA"
24,0.78,13,42,22,6,0.07,0.21,,0.33,Hunningdon_Lakes_C2,1998,1998-04-22,"Virginia Beach, VA"
25,0.72,28,96,36,8,0.31,0.08,0.21,0.38,Hunningdon_Lakes_C2,1998,1998-08-28,"Virginia Beach, VA"
26,1.04,19,89,19,6,0.31,0.33,0.24,0.4,Hunningdon_Lakes_C2,1998,1998-12-09,"Virginia Beach, VA"
27,0.56,10,85,14,3,0.09,0.24,0.06,0.2,Hunningdon_Lakes_C2,1999,1999-01-24,"Virginia Beach, VA"
28,1.19,37,62,10,6,0.33,<0.05,0.17,,Hunningdon_Lakes_C2,1999,1999-09-15,"Virginia Beach, VA"
29,0.61,6,75,31,5,0.14,0.18,0.07,,Hunningdon_Lakes_C2,1999,1999-10-17,"Virginia Beach, VA"
30,0.63,5,91,17,3,<0.05,<0.05,<0.05,,Hunningdon_Lakes_C2,1999,1999-12-22,"Virginia Beach, VA"
31,0.9,81,7,16,13,<0.05,0.11,<0.05,,Hunningdon_Lakes_C2,2001,2001-02-13,"Virginia Beach, VA"
32,0.37,82,7,25,10,<0.05,<0.05,<0.05,,Hunningdon_Lakes_C2,2001,2001-03-04,"Virginia Beach, VA"
33,1.52,68,7,30,19,0.16,0.15,0.08,,Hunningdon_Lakes_C2,2001,2001-03-21,"Virginia Beach, VA"
34,0.72,40,33,50,8,0.07,0.15,<0.05,0.32,Horse_Run_Ditch_C3,1993,1993-02-26,"Virginia Beach, VA"
35,0.76,46,28,65,23,0.16,<0.2,<0.05,0.14,Horse_Run_Ditch_C3,1993,1993-03-17,"Virginia Beach, VA"
36,1.69,114,31,78,14,0.27,0.09,0.09,0.38,Horse_Run_Ditch_C3,1993,1993-04-16,"Virginia Beach, VA"
37,0.65,41,101,42,7,0.19,0.14,,0.76,Horse_Run_Ditch_C3,1996,1996-08-13,"Virginia Beach, VA"
38,0.77,43,34,43,4,0.2,,0.11,0.21,Horse_Run_Ditch_C3,1996,1996-09-17,"Virginia Beach, VA"
39,0.42,44,40,52,7,0.28,0.16,0.16,0.26,Horse_Run_Ditch_C3,1996,1996-10-19,"Virginia Beach, VA"
40,1.13,53,68,92,19,0.23,0.1,0.08,0.33,Horse_Run_Ditch_C3,1996,1996-11-26,"Virginia Beach, VA"
41,1.21,32,80,92,17,0.29,0.5,0.11,1.3,Horse_Run_Ditch_C3,1997,1997-04-21,"Virginia Beach, VA"
42,2.52,114,55,97,16,0.39,0.95,0.23,0.75,Horse_Run_Ditch_C3,1997,1997-07-16,"Virginia Beach, VA"
43,0.41,16,20,23,3,0.12,0.1,0.09,0.14,Horse_Run_Ditch_C3,1997,1997-11-01,"Virginia Beach, VA"
44,0.68,16,61,32,5,0.11,0.43,0.09,0.58,Horse_Run_Ditch_C3,1998,1998-01-27,"Virginia Beach, VA"
45,1.44,36,41,62,15,0.26,0.14,0.12,0.24,Horse_Run_Ditch_C3,1998,1998-04-09,"Virginia Beach, VA"
46,1.29,39,34,70,10,0.23,0.3,0.14,0.41,Horse_Run_Ditch_C3,1998,1998-08-10,"Virginia Beach, VA"
47,1,54,33,66,,0.22,0.15,0.11,0.24,Horse_Run_Ditch_C3,1999,1999-01-15,"Virginia Beach, VA"
48,1.38,67,27,84,7,0.34,0.33,0.17,0.3,Horse_Run_Ditch_C3,1999,1999-02-18,"Virginia Beach, VA"
49,1.33,122,20,70,6,0.32,0.37,0.16,,Horse_Run_Ditch_C3,1999,1999-08-14,"Virginia Beach, VA"
50,1.17,38,39,98,10,0.32,0.09,0.17,,Horse_Run_Ditch_C3,1999,1999-11-26,"Virginia Beach, VA"
51,0.77,43,40,48,6,0.19,0.16,0.07,,Horse_Run_Ditch_C3,2000,2000-03-21,"Virginia Beach, VA"
52,1.6,64,18,76,78,0.39,0.23,0.12,,Horse_Run_Ditch_C3,2000,2000-09-19,"Virginia Beach, VA"
53,1.75,104,48,81,11,0.55,0.56,0.47,,Horse_Run_Ditch_C3,2001,2001-01-08,"Virginia Beach, VA"
54,2.01,54,16,90,51,0.46,0.59,0.22,,Horse_Run_Ditch_C3,2001,2001-01-30,"Virginia Beach, VA"
55,1.31,25,10,71,23,0.09,0.24,0.1,,Horse_Run_Ditch_C3,2001,2001-02-22,"Virginia Beach, VA"
56,2.28,456,36,200,12,0.72,0.13,<0.05,0.42,Woodford_Square_Along_Battlefield_Blvd_C4,1993,1993-04-16,"Virginia Beach, VA"
57,1.66,65,49,60,9,0.13,0.14,<0.05,1.12,Woodford_Square_Along_Battlefield_Blvd_C4,1993,1993-05-19,"Virginia Beach, VA"
58,0.55,45,25,25,4,0.13,0.06,<0.05,0.51,Woodford_Square_Along_Battlefield_Blvd_C4,1993,1993-09-04,"Virginia Beach, VA"
59,1.28,13,60,35,6,0.31,0.76,0.24,1.09,Woodford_Square_Along_Battlefield_Blvd_C4,1996,1996-07-25,"Virginia Beach, VA"
60,2.69,45,46,90,8,0.54,0.78,0.26,0.41,Woodford_Square_Along_Battlefield_Blvd_C4,1996,1996-09-29,"Virginia Beach, VA"
61,1.57,265,60,115,10,0.51,0.49,,0.32,Woodford_Square_Along_Battlefield_Blvd_C4,1997,1997-01-16,"Virginia Beach, VA"
62,2.13,174,44,110,9,0.38,0.31,,0.54,Woodford_Square_Along_Battlefield_Blvd_C4,1997,1997-02-05,"Virginia Beach, VA"
63,1.39,32,109,67,8,0.25,0.57,0.08,2.01,Woodford_Square_Along_Battlefield_Blvd_C4,1997,1997-04-21,"Virginia Beach, VA"
64,2.47,629,106,81,10,0.83,0.97,0.06,0.58,Woodford_Square_Along_Battlefield_Blvd_C4,1997,1997-07-02,"Virginia Beach, VA"
65,0.49,35,34,27,<2,0.17,0.1,0.08,0.14,Woodford_Square_Along_Battlefield_Blvd_C4,1997,1997-11-01,"Virginia Beach, VA"
66,0.82,51,65,31,6,0.15,0.38,,0.61,Woodford_Square_Along_Battlefield_Blvd_C4,1998,1998-01-27,"Virginia Beach, VA"
67,1.85,10,108,51,10,0.17,0.78,0.1,2.61,Woodford_Square_Along_Battlefield_Blvd_C4,1998,1998-06-10,"Virginia Beach, VA"
68,1.33,23,76,90,13,0.13,0.39,0.09,1.68,Woodford_Square_Along_Battlefield_Blvd_C4,1998,1998-07-24,"Virginia Beach, VA"
69,0.6,18,56,21,6,0.09,0.3,0.07,0.6,Woodford_Square_Along_Battlefield_Blvd_C4,1999,1999-02-02,"Virginia Beach, VA"
70,0.19,7,45,30,2,0.95,0.09,<0.05,0.6,Cavalier_Industrial_Park_C5,1993,1993-03-27,"Virginia Beach, VA"
71,0.38,10,30,20,3,<0.06,0.05,<0.05,0.31,Cavalier_Industrial_Park_C5,1993,1993-04-21,"Virginia Beach, VA"
72,0.77,10,26,30,5,<0.06,0.18,<0.05,0.56,Cavalier_Industrial_Park_C5,1993,1993-05-14,"Virginia Beach, VA"
73,0.35,6,60,30,3,0.05,0.17,,0.24,Cavalier_Industrial_Park_C5,1996,1996-08-13,"Virginia Beach, VA"
74,0.5,38,30,26,<2,0.07,0.17,,0.09,Cavalier_Industrial_Park_C5,1997,1997-11-07,"Virginia Beach, VA"
75,0.6,44,37,30,3,0.06,0.2,,0.08,Cavalier_Industrial_Park_C5,1997,1997-12-11,"Virginia Beach, VA"
76,0.34,4,17,12,,<0.06,<0.2,<0.05,0.22,Cavalier_Industrial_Park_C5,1998,1998-12-09,"Virginia Beach, VA"
77,0.21,14,21,15,10,<0.06,<0.2,<0.05,0.13,Cavalier_Industrial_Park_C5,1999,1999-01-15,"Virginia Beach, VA"
78,2.23,57,82,80,22,0.37,0.96,0.34,0.64,Commerce_Drive_H1,1992,1992-11-12,"Virginia Beach, VA"
79,2.05,31,76,50,23,0.06,0.72,0.03,1,Commerce_Drive_H1,1992,1992-12-10,"Virginia Beach, VA"
80,1.05,34,71,50,12,0.1,0.4,0.03,0.56,Commerce_Drive_H1,1993,1993-01-21,"Virginia Beach, VA"
81,1.57,66,56,78,15,0.3,0.36,,0.51,Commerce_Drive_H1,1996,1996-04-16,"Virginia Beach, VA"
82,1.39,37,61,80,13,0.19,0.1,0.07,0.38,Commerce_Drive_H1,1996,1996-04-30,"Virginia Beach, VA"
83,0.88,17,61,39,3,0.16,0.11,0.07,0.18,Commerce_Drive_H1,1996,1996-10-19,"Virginia Beach, VA"
84,3.75,36,132,186,31,0.48,1.63,0.08,1.88,Commerce_Drive_H1,1996,1996-11-19,"Virginia Beach, VA"
85,3.33,84,77,205,42,0.47,1.07,0.14,1.15,Commerce_Drive_H1,1997,1997-04-06,"Virginia Beach, VA"
86,2.64,34,98,86,19,0.29,1.02,0.11,2.2,Commerce_Drive_H1,1997,1997-04-21,"Virginia Beach, VA"
87,1.96,26,81,76,15,0.24,0.65,0.09,0.59,Commerce_Drive_H1,1997,1997-05-13,"Virginia Beach, VA"
88,3.18,23,148,117,15,0.39,1.02,0.12,1.6,Commerce_Drive_H1,1997,1997-10-16,"Virginia Beach, VA"
89,0.63,17,23,36,5,0.13,0.16,<0.05,0.19,Commerce_Drive_H1,1997,1997-11-01,"Virginia Beach, VA"
90,1.06,25,74,48,12,0.27,0.35,0.09,0.43,Commerce_Drive_H1,1998,1998-04-17,"Virginia Beach, VA"
91,1.13,38,42,55,8,0.18,0.24,<0.05,0.38,Commerce_Drive_H1,1998,1998-05-04,"Virginia Beach, VA"
92,1.02,17,98,53,6,0.11,0.4,<0.05,0.77,Commerce_Drive_H1,1999,1999-01-09,"Virginia Beach, VA"
93,2.28,31,131,71,18,0.21,1.12,<0.05,1.74,Commerce_Drive_H1,1999,1999-02-08,"Virginia Beach, VA"
94,1.43,21,57,64,12,0.2,0.64,<0.05,0.73,Commerce_Drive_H1,1999,1999-04-01,"Virginia Beach, VA"
95,4.01,34,133,104,22,0.39,1.7,0.15,1.36,Commerce_Drive_H1,1999,1999-05-14,"Virginia Beach, VA"
96,2.11,258,77,250,8,0.76,0.06,0.08,0.04,Mingee_Drive_H2,1992,1992-11-26,"Virginia Beach, VA"
97,0.72,41,52,30,8,0.08,0.12,<0.05,0.42,Mingee_Drive_H2,1992,1992-12-20,"Virginia Beach, VA"
98,1.88,137,78,160,11,0.62,0.23,<0.05,0.32,Mingee_Drive_H2,1993,1993-02-12,"Virginia Beach, VA"
99,0.71,45,45,50,5,0.15,0.12,,0.5,Mingee_Drive_H2,1996,1996-04-06,"Virginia Beach, VA"
100,1.52,146,80,110,17,0.38,0.26,0.15,0.8,Mingee_Drive_H2,1996,1996-04-24,"Virginia Beach, VA"
101,0.54,40,64,32,8,0.24,0.11,0.14,0.3,Mingee_Drive_H2,1996,1996-10-08,"Virginia Beach, VA"
102,0.85,54,57,59,7,0.37,0.29,0.2,0.95,Mingee_Drive_H2,1996,1996-11-02,"Virginia Beach, VA"
103,3.43,184,83,145,54,0.56,0.61,0.17,1.36,Mingee_Drive_H2,1997,1997-04-06,"Virginia Beach, VA"
104,0.78,44,68,47,6,0.15,,0.08,0.69,Mingee_Drive_H2,1997,1997-04-28,"Virginia Beach, VA"
105,1.32,87,86,59,11,0.38,0.17,0.16,0.76,Mingee_Drive_H2,1997,1997-05-13,"Virginia Beach, VA"
106,0.62,83,122,43,4,0.21,,0.08,0.36,Mingee_Drive_H2,1997,1997-11-01,"Virginia Beach, VA"
107,1.07,151,66,56,8,0.59,0.63,0.31,0.59,Mingee_Drive_H2,1997,1997-11-22,"Virginia Beach, VA"
108,1.08,70,68,55,10,0.19,0.18,0.09,0.64,Mingee_Drive_H2,1998,1998-05-01,"Virginia Beach, VA"
109,1.43,42,70,60,11,0.17,0.59,0.07,1.77,Mingee_Drive_H2,1998,1998-06-10,"Virginia Beach, VA"
110,1.21,86,54,62,7,0.3,0.26,0.09,0.39,Mingee_Drive_H2,1999,1999-01-15,"Virginia Beach, VA"
111,0.71,98,88,37,8,0.21,0.2,0.07,0.76,Mingee_Drive_H2,1999,1999-02-02,"Virginia Beach, VA"
112,1.52,117,80,90,12,0.38,0.28,0.09,0.94,Mingee_Drive_H2,1999,1999-04-01,"Virginia Beach, VA"
113,2.75,267,88,114,17,0.61,0.46,0.19,1.3,Mingee_Drive_H2,1999,1999-04-24,"Virginia Beach, VA"
114,0.7,45,55,37,12,0.22,0.17,0.07,0.04,Hampton_Club_H3,1992,1992-11-12,"Virginia Beach, VA"
115,0.86,22,89,50,15,0.37,0.16,0.06,0.27,Hampton_Club_H3,1992,1992-12-10,"Virginia Beach, VA"
116,0.62,29,91,30,6,0.1,0.1,<0.05,0.1,Hampton_Club_H3,1993,1993-01-21,"Virginia Beach, VA"
117,1.47,81,52,70,13,0.29,0.06,,0.32,Hampton_Club_H3,1996,1996-04-16,"Virginia Beach, VA"
118,1.83,135,60,125,15,0.35,0.1,0.05,0.27,Hampton_Club_H3,1996,1996-04-30,"Virginia Beach, VA"
119,0.26,6,50,,2,0.17,0.05,0.11,0.18,Hampton_Club_H3,1996,1996-10-08,"Virginia Beach, VA"
120,0.64,23,50,39,5,0.17,0.31,0.06,0.72,Hampton_Club_H3,1996,1996-11-02,"Virginia Beach, VA"
121,1.08,36,122,42,8,0.16,0.25,,0.44,Hampton_Club_H3,1997,1997-05-13,"Virginia Beach, VA"
122,1.37,188,125,77,9,0.39,0.8,0.09,0.66,Hampton_Club_H3,1997,1997-06-01,"Virginia Beach, VA"
123,0.59,22,122,29,3,0.24,0.05,0.17,0.19,Hampton_Club_H3,1997,1997-11-01,"Virginia Beach, VA"
124,0.67,43,74,40,5,0.22,0.36,,0.3,Hampton_Club_H3,1997,1997-11-22,"Virginia Beach, VA"
125,1.64,57,60,113,17,0.34,0.26,0.07,0.35,Hampton_Club_H3,1998,1998-04-17,"Virginia Beach, VA"
126,0.85,14,65,51,8,0.17,0.63,0.06,1.2,Hampton_Club_H3,1998,1998-06-10,"Virginia Beach, VA"
127,0.52,22,60,20,7,0.15,0.14,0.06,0.23,Hampton_Club_H3,1999,1999-01-09,"Virginia Beach, VA"
128,0.59,27,222,52,10,0.3,0.14,0.06,0.21,Hampton_Club_H3,1999,1999-02-02,"Virginia Beach, VA"
129,0.75,5,145,43,7,0.2,0.28,0.09,0.66,Hampton_Club_H3,1999,1999-05-23,"Virginia Beach, VA"
130,0.39,<5,249,27,6,0.07,<0.2,<0.05,0.37,Hampton_Club_H3,1999,1999-06-20,"Virginia Beach, VA"
131,0.76,28,95,60,23,0.38,0.24,0.25,0.48,Bay_Avenue_H4,1992,1992-11-12,"Virginia Beach, VA"
132,1.84,37,109,50,23,0.43,0.37,0.12,0.7,Bay_Avenue_H4,1992,1992-12-10,"Virginia Beach, VA"
133,0.81,22,105,40,6,0.1,0.15,<0.05,0.54,Bay_Avenue_H4,1993,1993-01-21,"Virginia Beach, VA"
134,1.9,100,77,100,12,0.33,,0.11,0.35,Bay_Avenue_H4,1996,1996-04-30,"Virginia Beach, VA"
135,0.58,15,69,31,5,0.18,0.05,0.1,0.27,Bay_Avenue_H4,1996,1996-10-08,"Virginia Beach, VA"
136,0.99,39,78,48,13,0.37,0.33,0.23,0.86,Bay_Avenue_H4,1996,1996-11-02,"Virginia Beach, VA"
137,1.85,32,91,73,12,0.29,0.47,0.12,0.52,Bay_Avenue_H4,1997,1997-05-13,"Virginia Beach, VA"
138,1.58,29,103,95,13,0.3,0.88,0.16,0.46,Bay_Avenue_H4,1997,1997-06-01,"Virginia Beach, VA"
139,0.74,62,57,38,4,0.27,0.05,0.14,0.21,Bay_Avenue_H4,1997,1997-11-01,"Virginia Beach, VA"
140,1.1,81,75,50,8,0.38,0.46,0.15,0.43,Bay_Avenue_H4,1997,1997-11-22,"Virginia Beach, VA"
141,2.27,95,80,87,21,0.49,0.49,0.2,0.66,Bay_Avenue_H4,1998,1998-04-17,"Virginia Beach, VA"
142,1.75,111,56,60,9,0.31,0.22,0.07,0.45,Bay_Avenue_H4,1998,1998-05-04,"Virginia Beach, VA"
143,0.76,34,88,41,7,0.16,0.23,<0.05,0.63,Bay_Avenue_H4,1999,1999-01-10,"Virginia Beach, VA"
144,0.48,17,117,25,8,0.09,0.24,<0.05,0.66,Bay_Avenue_H4,1999,1999-02-02,"Virginia Beach, VA"
145,2.15,18,100,47,11,0.26,1.07,0.09,0.68,Bay_Avenue_H4,1999,1999-04-01,"Virginia Beach, VA"
146,3.05,39,84,288,34,0.64,0.83,0.37,1.03,Bay_Avenue_H4,1999,1999-04-24,"Virginia Beach, VA"
147,2.66,76,101,155,41,0.61,0.53,0.24,0.56,Armisted_Avenue_N1,1992,1992-04-22,"Virginia Beach, VA"
148,1.74,67,67,150,27,0.51,0.18,0.14,0.38,Armisted_Avenue_N1,1992,1992-05-30,"Virginia Beach, VA"
149,1.72,226,98,250,40,0.73,0.4,0.13,0.94,Armisted_Avenue_N1,1992,1992-07-01,"Virginia Beach, VA"
150,3.14,341,25,230,19,0.67,0.34,0.08,0.63,Armisted_Avenue_N1,1993,1993-09-17,"Virginia Beach, VA"
151,2.8,44,69,180,59,1.75,0.55,1.18,0.54,Armisted_Avenue_N1,1993,1993-09-17,"Virginia Beach, VA"
152,2.65,224,81,210,34,0.88,0.42,0.27,0.37,Armisted_Avenue_N1,1994,1994-08-15,"Virginia Beach, VA"
153,4.4,272,418,350,49,1.04,0.58,0.4,0.6,Armisted_Avenue_N1,1994,1994-09-22,"Virginia Beach, VA"
154,4.28,138,222,240,68,1.57,1.06,1.08,1.05,Armisted_Avenue_N1,1995,1995-02-15,"Virginia Beach, VA"
155,4.7,147,110,290,57,0.76,1.08,0.27,1.01,Armisted_Avenue_N1,1995,1995-04-13,"Virginia Beach, VA"
156,4.33,159,114,325,72,1.13,0.75,0.42,1.02,Armisted_Avenue_N1,1995,1995-08-06,"Virginia Beach, VA"
157,2.08,38,87,70,29,0.31,0.6,0.23,0.86,Armisted_Avenue_N1,1995,1995-09-16,"Virginia Beach, VA"
158,2.21,326,132,240,15,0.65,0.21,0.06,0.37,Armisted_Avenue_N1,1996,1996-02-20,"Virginia Beach, VA"
159,1.86,122,61,110,17,0.64,0.57,0.28,0.62,Armisted_Avenue_N1,1996,1996-03-28,"Virginia Beach, VA"
160,1.05,85,53,115,13,0.65,<0.2,0.41,0.35,Armisted_Avenue_N1,1996,1996-08-13,"Virginia Beach, VA"
161,3.64,111,153,250,54,0.66,0.65,0.2,0.97,Armisted_Avenue_N1,1996,1996-09-04,"Virginia Beach, VA"
162,2.54,169,52,112,12,0.45,0.2,,0.5,Armisted_Avenue_N1,1996,1996-12-06,"Virginia Beach, VA"
163,1.38,143,60,96,14,0.36,0.24,0.06,0.46,Armisted_Avenue_N1,1997,1997-01-09,"Virginia Beach, VA"
164,2.25,75,91,97,18,0.3,1.18,0.16,1.01,Armisted_Avenue_N1,1997,1997-07-16,"Virginia Beach, VA"
165,3.2,374,77,321,26,0.94,0.81,0.07,1.11,Armisted_Avenue_N1,1997,1997-08-15,"Virginia Beach, VA"
166,2.27,206,60,269,26,0.52,0.36,0.07,0.52,Armisted_Avenue_N1,1997,1997-12-10,"Virginia Beach, VA"
167,4.35,283,79,149,30,0.59,0.66,0.06,0.91,Armisted_Avenue_N1,1998,1998-01-13,"Virginia Beach, VA"
168,0.86,27,188,60,32,0.3,<0.2,0.05,<0.1,Armisted_Avenue_N1,1998,1998-09-04,"Virginia Beach, VA"
169,9.53,70,201,71,46,3.06,4.73,2.07,3.31,Armisted_Avenue_N1,1999,1999-01-09,"Virginia Beach, VA"
170,3.1,32,279,194,45,6.72,2.61,5.45,0.22,Armisted_Avenue_N1,1999,1999-03-10,"Virginia Beach, VA"
171,4.74,50,668,138,26,0.18,1.57,<0.04,<0.01,Armisted_Avenue_N1,1999,1999-05-13,"Virginia Beach, VA"
172,0.57,260,51,43,12,0.17,0.19,0.05,0.44,Armisted_Avenue_N1,1999,1999-08-14,"Virginia Beach, VA"
173,0.57,260,51,43,12,0.17,0.19,0.06,,Armisted_Avenue_N1,1999,1999-08-14,"Virginia Beach, VA"
174,2.29,42,96,83,20,0.36,0.39,0.26,1.36,Armisted_Avenue_N1,1999,1999-11-11,"Virginia Beach, VA"
175,2.29,42,96,83,20,0.36,0.39,0.26,,Armisted_Avenue_N1,1999,1999-11-11,"Virginia Beach, VA"
176,2.16,8,119,47,7,0.16,0.5,0.08,,Armisted_Avenue_N1,2000,2000-05-21,"Virginia Beach, VA"
177,1.35,20,365,163,<2,1.4,0.06,0.37,,Armisted_Avenue_N1,2000,2000-09-15,"Virginia Beach, VA"
178,10.6,199,411,51,<2,1.14,1.26,0.29,,Armisted_Avenue_N1,2001,2001-01-08,"Virginia Beach, VA"
179,3.58,83,143,120,165,0.9,0.61,0.13,,Armisted_Avenue_N1,2001,2001-02-22,"Virginia Beach, VA"
180,1.64,62,33,70,14,0.33,0.07,0.14,0.33,Modoc_Avenue_N2,1992,1992-05-30,"Virginia Beach, VA"
181,1.68,98,70,150,47,0.73,0.41,0.34,0.92,Modoc_Avenue_N2,1992,1992-07-01,"Virginia Beach, VA"
182,0.8,74,89,100,36,0.29,0.17,0.18,0.51,Modoc_Avenue_N2,1992,1992-10-04,"Virginia Beach, VA"
183,1.54,13,47,55,12,0.57,0.22,0.44,0.4,Modoc_Avenue_N2,1993,1993-09-17,"Virginia Beach, VA"
184,2.47,22,83,95,31,0.85,0.3,0.46,0.84,Modoc_Avenue_N2,1993,1993-10-21,"Virginia Beach, VA"
185,2.68,99,83,98,23,0.87,0.62,0.61,0.45,Modoc_Avenue_N2,1994,1994-08-15,"Virginia Beach, VA"
186,2.17,58,149,125,19,0.85,0.79,0.61,0.86,Modoc_Avenue_N2,1994,1994-09-22,"Virginia Beach, VA"
187,1.16,14,40,40,14,0.22,0.33,0.18,0.9,Modoc_Avenue_N2,1995,1995-02-15,"Virginia Beach, VA"
188,6.31,211,112,280,68,1.29,1.38,0.68,1.17,Modoc_Avenue_N2,1995,1995-04-13,"Virginia Beach, VA"
189,3.58,126,91,170,39,1.08,0.77,0.66,0.98,Modoc_Avenue_N2,1995,1995-08-06,"Virginia Beach, VA"
190,1.77,75,33,90,10,0.38,0.1,0.29,0.37,Modoc_Avenue_N2,1995,1995-10-14,"Virginia Beach, VA"
191,1.41,70,65,75,7,0.31,0.09,0.07,0.43,Modoc_Avenue_N2,1996,1996-02-20,"Virginia Beach, VA"
192,1.4,25,57,75,10,0.24,0.22,0.12,0.65,Modoc_Avenue_N2,1996,1996-03-06,"Virginia Beach, VA"
193,1.56,86,26,60,8,0.31,0.37,0.13,0.44,Modoc_Avenue_N2,1996,1996-06-18,"Virginia Beach, VA"
194,0.52,28,40,53,7,0.38,0.12,0.29,0.4,Modoc_Avenue_N2,1996,1996-08-13,"Virginia Beach, VA"
195,2.27,76,58,80,9,0.57,0.38,0.29,0.58,Modoc_Avenue_N2,1996,1996-09-04,"Virginia Beach, VA"
196,0.7,45,36,58,13,0.49,<0.2,0.33,0.4,Modoc_Avenue_N2,1996,1996-12-06,"Virginia Beach, VA"
197,1.11,44,41,59,15,0.28,0.15,0.11,0.48,Modoc_Avenue_N2,1997,1997-01-09,"Virginia Beach, VA"
198,1.21,49,34,52,8,0.3,0.45,0.2,0.77,Modoc_Avenue_N2,1997,1997-07-22,"Virginia Beach, VA"
199,1.72,227,57,83,16,0.57,0.91,0.44,1.02,Modoc_Avenue_N2,1997,1997-08-15,"Virginia Beach, VA"
200,1.19,42,40,126,21,0.59,0.28,0.4,0.25,Modoc_Avenue_N2,1997,1997-12-10,"Virginia Beach, VA"
201,0.6,17,28,20,3,0.13,0.19,0.09,0.39,Modoc_Avenue_N2,1998,1998-01-23,"Virginia Beach, VA"
202,2.48,69,11,,10,0.57,0.44,0.44,0.45,Modoc_Avenue_N2,1998,1998-08-10,"Virginia Beach, VA"
203,1.07,30,84,37,18,0.57,<0.2,0.44,0.21,Modoc_Avenue_N2,1998,1998-09-04,"Virginia Beach, VA"
204,1.08,48,54,49,9,0.2,0.2,0.1,0.64,Modoc_Avenue_N2,1999,1999-01-15,"Virginia Beach, VA"
205,1.31,4,163,41,13,0.24,0.54,0.19,2.79,Modoc_Avenue_N2,1999,1999-03-09,"Virginia Beach, VA"
206,3.57,12,138,81,11,0.57,0.88,0.44,0.67,Modoc_Avenue_N2,1999,1999-05-13,"Virginia Beach, VA"
207,0.76,14,53,46,8,0.58,0.08,0.43,0.73,Modoc_Avenue_N2,1999,1999-08-14,"Virginia Beach, VA"
208,0.76,14,53,46,8,0.58,0.08,0.43,,Modoc_Avenue_N2,1999,1999-08-14,"Virginia Beach, VA"
209,1.23,5,154,32,13,0.39,0.29,0.27,2.9,Modoc_Avenue_N2,1999,1999-11-11,"Virginia Beach, VA"
210,1.23,5,154,32,13,0.39,0.29,0.27,,Modoc_Avenue_N2,1999,1999-11-11,"Virginia Beach, VA"
211,1.21,22,46,40,12,0.37,0.12,0.29,0.35,Modoc_Avenue_N2,1999,1999-12-14,"Virginia Beach, VA"
212,1.21,22,<1,40,12,0.37,0.12,0.29,,Modoc_Avenue_N2,1999,1999-12-14,"Virginia Beach, VA"
213,1.19,91,53,78,7,0.56,0.5,0.32,,Modoc_Avenue_N2,2000,2000-06-19,"Virginia Beach, VA"
214,4.45,15,170,30,<2,0.17,1.97,0.35,,Modoc_Avenue_N2,2000,2000-09-15,"Virginia Beach, VA"
215,2.17,19,76,34,14,0.2,0.15,0.1,,Modoc_Avenue_N2,2001,2001-03-02,"Virginia Beach, VA"
216,1.11,88,95,96,22,0.12,0.29,0.27,,Modoc_Avenue_N2,2001,2001-03-21,"Virginia Beach, VA"
217,3.41,44,137,220,60,0.65,0.74,0.56,0.59,Liitle_Creek_Road_N3,1992,1992-04-22,"Virginia Beach, VA"
218,1.09,52,44,75,18,0.2,0.07,0.1,0.19,Liitle_Creek_Road_N3,1992,1992-06-05,"Virginia Beach, VA"
219,1.06,45,49,50,12,0.36,0.19,0.15,0.25,Liitle_Creek_Road_N3,1992,1992-07-27,"Virginia Beach, VA"
220,1.42,100,28,78,13,0.3,0.44,0.27,0.73,Liitle_Creek_Road_N3,1993,1993-09-22,"Virginia Beach, VA"
221,0.95,12,32,55,13,0.18,0.22,0.2,0.25,Liitle_Creek_Road_N3,1993,1993-10-17,"Virginia Beach, VA"
222,2.03,103,69,125,21,0.41,0.4,0.17,0.5,Liitle_Creek_Road_N3,1994,1994-08-15,"Virginia Beach, VA"
223,1.49,26,93,100,20,0.41,0.46,0.32,0.32,Liitle_Creek_Road_N3,1994,1994-09-22,"Virginia Beach, VA"
224,2.44,38,83,120,34,0.28,1.43,0.15,0.91,Liitle_Creek_Road_N3,1995,1995-02-15,"Virginia Beach, VA"
225,4.77,123,67,275,50,0.77,0.99,0.34,0.64,Liitle_Creek_Road_N3,1995,1995-04-13,"Virginia Beach, VA"
226,2.36,97,60,150,20,0.66,0.56,0.22,0.73,Liitle_Creek_Road_N3,1995,1995-08-06,"Virginia Beach, VA"
227,0.82,31,41,65,11,0.23,0.36,0.15,0.52,Liitle_Creek_Road_N3,1995,1995-09-22,"Virginia Beach, VA"
228,2.4,174,170,260,16,0.53,0.27,0.06,0.57,Liitle_Creek_Road_N3,1996,1996-02-20,"Virginia Beach, VA"
229,1.74,58,70,120,18,0.27,0.69,0.11,0.64,Liitle_Creek_Road_N3,1996,1996-03-06,"Virginia Beach, VA"
230,0.53,21,36,53,10,0.2,0.05,0.11,0.36,Liitle_Creek_Road_N3,1996,1996-08-13,"Virginia Beach, VA"
231,0.94,37,22,63,6,0.3,0.09,0.12,0.27,Liitle_Creek_Road_N3,1996,1996-09-17,"Virginia Beach, VA"
232,1.07,49,38,82,19,0.56,0.12,0.39,0.49,Liitle_Creek_Road_N3,1996,1996-12-06,"Virginia Beach, VA"
233,1.3,48,52,85,9,0.21,0.33,0.05,0.79,Liitle_Creek_Road_N3,1996,1996-12-31,"Virginia Beach, VA"
234,2.12,78,131,105,20,0.57,0.99,0.38,0.18,Liitle_Creek_Road_N3,1997,1997-07-16,"Virginia Beach, VA"
235,1.64,63,162,81,11,0.32,0.77,0.19,0.88,Liitle_Creek_Road_N3,1997,1997-08-15,"Virginia Beach, VA"
236,1.09,36,32,85,19,0.39,0.41,0.28,0.4,Liitle_Creek_Road_N3,1997,1997-12-10,"Virginia Beach, VA"
237,0.64,30,30,29,5,0.14,0.36,<0.05,0.38,Liitle_Creek_Road_N3,1998,1998-01-23,"Virginia Beach, VA"
238,1.03,63,41,24,6,0.26,<0.2,0.13,0.15,Liitle_Creek_Road_N3,1998,1998-09-04,"Virginia Beach, VA"
239,1.39,36,103,107,29,0.17,0.79,0.07,1.1,Liitle_Creek_Road_N3,1999,1999-01-10,"Virginia Beach, VA"
240,1,4,77,47,8,0.1,0.68,0.06,0.45,Liitle_Creek_Road_N3,1999,1999-03-09,"Virginia Beach, VA"
241,1.72,22,68,93,12,0.24,0.56,0.11,0.3,Liitle_Creek_Road_N3,1999,1999-05-13,"Virginia Beach, VA"
242,1.01,28,42,52,7,0.26,0.54,0.15,0.82,Liitle_Creek_Road_N3,1999,1999-08-14,"Virginia Beach, VA"
243,1.01,28,42,52,7,0.26,0.54,0.15,,Liitle_Creek_Road_N3,1999,1999-08-14,"Virginia Beach, VA"
244,1.7,60,126,41,16,0.52,0.07,0.26,0.62,Liitle_Creek_Road_N3,1999,1999-11-02,"Virginia Beach, VA"
245,1.7,60,126,41,16,0.52,0.07,0.26,,Liitle_Creek_Road_N3,1999,1999-11-02,"Virginia Beach, VA"
246,2.48,43,47,56,11,0.26,0.19,<0.04,0.27,Liitle_Creek_Road_N3,1999,1999-12-14,"Virginia Beach, VA"
247,2.48,43,47,56,11,0.26,0.19,<0.05,,Liitle_Creek_Road_N3,1999,1999-12-14,"Virginia Beach, VA"
248,0.5,15,45,45,7,0.22,0.2,0.13,,Liitle_Creek_Road_N3,2000,2000-05-21,"Virginia Beach, VA"
249,4.24,19,152,164,40,0.72,0.68,0.31,,Liitle_Creek_Road_N3,2000,2000-06-19,"Virginia Beach, VA"
250,4.03,55,294,37,52,0.63,2.48,0.44,,Liitle_Creek_Road_N3,2001,2001-01-08,"Virginia Beach, VA"
251,3.39,202,225,37,24,0.31,0.78,0.09,,Liitle_Creek_Road_N3,2001,2001-02-22,"Virginia Beach, VA"
252,2.63,47,82,200,31,0.48,0.77,0.31,0.52,Military_Circle_N4,1992,1992-04-22,"Virginia Beach, VA"
253,2.45,68,93,170,32,0.38,0.31,0.13,0.97,Military_Circle_N4,1992,1992-06-05,"Virginia Beach, VA"
254,2.12,79,37,100,15,0.26,1.06,0.09,0.99,Military_Circle_N4,1992,1992-07-22,"Virginia Beach, VA"
255,2.04,21,42,85,19,0.21,0.37,0.14,0.89,Military_Circle_N4,1993,1993-09-21,"Virginia Beach, VA"
256,1.36,12,30,55,18,0.28,0.37,0.17,0.33,Military_Circle_N4,1993,1993-10-17,"Virginia Beach, VA"
257,1.39,17,41,50,11,0.2,0.44,0.12,0.36,Military_Circle_N4,1994,1994-08-15,"Virginia Beach, VA"
258,1.95,20,85,60,10,0.33,0.46,0.24,0.36,Military_Circle_N4,1994,1994-09-22,"Virginia Beach, VA"
259,1.91,17,115,75,26,0.28,0.49,0.21,0.64,Military_Circle_N4,1995,1995-02-15,"Virginia Beach, VA"
260,7.08,147,127,360,91,0.86,1.85,0.36,1.55,Military_Circle_N4,1995,1995-04-13,"Virginia Beach, VA"
261,5.56,77,227,350,96,1.12,2.05,0.3,1.46,Military_Circle_N4,1995,1995-08-06,"Virginia Beach, VA"
262,2.84,16,73,65,24,0.23,0.93,0.21,1.06,Military_Circle_N4,1995,1995-09-16,"Virginia Beach, VA"
263,1.72,54,314,125,13,0.2,0.43,0.05,0.49,Military_Circle_N4,1996,1996-02-20,"Virginia Beach, VA"
264,1.58,21,61,70,14,0.19,0.57,0.09,0.58,Military_Circle_N4,1996,1996-03-06,"Virginia Beach, VA"
265,0.63,32,39,39,7,0.23,0.09,0.11,0.32,Military_Circle_N4,1996,1996-08-13,"Virginia Beach, VA"
266,3.37,110,83,160,20,0.51,0.7,0.21,0.62,Military_Circle_N4,1996,1996-09-04,"Virginia Beach, VA"
267,1.1,119,63,51,7,0.32,0.16,<0.05,0.59,Military_Circle_N4,1996,1996-12-06,"Virginia Beach, VA"
268,1.13,36,38,48,12,0.19,0.2,0.07,0.45,Military_Circle_N4,1997,1997-01-09,"Virginia Beach, VA"
269,4.12,33,57,136,32,0.42,2.51,0.34,1.53,Military_Circle_N4,1997,1997-07-16,"Virginia Beach, VA"
270,2.11,25,56,56,11,0.21,1.35,0.16,0.98,Military_Circle_N4,1997,1997-08-14,"Virginia Beach, VA"
271,1.26,33,34,43,11,0.17,0.88,0.08,0.39,Military_Circle_N4,1997,1997-12-22,"Virginia Beach, VA"
272,0.47,19,24,19,5,0.1,0.27,0.06,0.39,Military_Circle_N4,1998,1998-01-23,"Virginia Beach, VA"
273,1,14,65,28,13,0.13,<0.2,<0.05,0.71,Military_Circle_N4,1998,1998-09-04,"Virginia Beach, VA"
274,0.45,102,121,49,16,0.14,0.6,<0.05,0.8,Military_Circle_N4,1999,1999-01-10,"Virginia Beach, VA"
275,1.55,<5,95,37,5,0.16,0.34,0.08,0.78,Military_Circle_N4,1999,1999-03-09,"Virginia Beach, VA"
276,2.52,31,259,125,17,0.35,1.01,0.06,0.99,Military_Circle_N4,1999,1999-05-13,"Virginia Beach, VA"
277,0.72,47,31,8,5,0.18,0.43,0.09,0.61,Military_Circle_N4,1999,1999-08-14,"Virginia Beach, VA"
278,0.72,47,31,8,5,0.18,0.43,0.09,,Military_Circle_N4,1999,1999-08-14,"Virginia Beach, VA"
279,3.01,49,49,53,6,0.25,0.11,0.05,0.38,Military_Circle_N4,1999,1999-11-02,"Virginia Beach, VA"
280,3.01,49,49,53,6,0.25,0.11,0.05,,Military_Circle_N4,1999,1999-11-02,"Virginia Beach, VA"
281,0.84,33,132,20,<5,0.32,<0.27,0.24,0.45,Military_Circle_N4,1999,1999-12-14,"Virginia Beach, VA"
282,0.84,33,132,20,<2,0.33,<0.05,0.24,,Military_Circle_N4,1999,1999-12-14,"Virginia Beach, VA"
283,3.02,181,119,185,49,0.62,0.8,0.25,,Military_Circle_N4,2000,2000-05-20,"Virginia Beach, VA"
284,1.73,34,52,47,8,0.21,0.32,0.11,,Military_Circle_N4,2000,2000-06-19,"Virginia Beach, VA"
285,9.82,29.3,457,23,47,0.78,2.48,0.62,,Military_Circle_N4,2001,2001-01-08,"Virginia Beach, VA"
286,2.21,18,55,42,21,0.14,0.47,0.11,,Military_Circle_N4,2001,2001-02-22,"Virginia Beach, VA"
287,2.54,154,85,150,20,0.69,0.32,0.1,0.04,Sewels_Point_N5,1992,1992-06-09,"Virginia Beach, VA"
288,1.09,80,26,45,9,0.31,0.23,0.09,0.28,Sewels_Point_N5,1992,1992-07-27,"Virginia Beach, VA"
289,2.25,151,151,90,21,0.71,0.6,0.31,1.38,Sewels_Point_N5,1992,1992-08-27,"Virginia Beach, VA"
290,2.12,51,94,125,20,0.4,0.14,0.13,1.35,Sewels_Point_N5,1993,1993-09-21,"Virginia Beach, VA"
291,1.07,28,61,55,11,0.27,0.15,0.14,0.29,Sewels_Point_N5,1993,1993-10-17,"Virginia Beach, VA"
292,2.36,84,129,150,37,0.61,0.14,0.44,1.36,Sewels_Point_N5,1994,1994-11-10,"Virginia Beach, VA"
293,1.65,193,75,123,22,0.6,0.33,0.28,0.86,Sewels_Point_N5,1994,1994-11-16,"Virginia Beach, VA"
294,3.69,156,64,180,37,0.72,0.57,0.25,0.55,Sewels_Point_N5,1995,1995-04-13,"Virginia Beach, VA"
295,2,101,50,85,12,0.41,0.41,0.08,0.53,Sewels_Point_N5,1995,1995-05-10,"Virginia Beach, VA"
296,2.56,128,97,210,30,0.93,0.46,0.4,0.82,Sewels_Point_N5,1995,1995-08-06,"Virginia Beach, VA"
297,0.71,45,27,25,7,0.3,0.17,0.14,0.3,Sewels_Point_N5,1995,1995-09-22,"Virginia Beach, VA"
298,1.32,43,50,70,11,0.25,0.36,0.09,0.63,Sewels_Point_N5,1996,1996-03-28,"Virginia Beach, VA"
299,0.89,88,43,60,6,0.23,0.08,0.05,0.22,Sewels_Point_N5,1996,1996-04-01,"Virginia Beach, VA"
300,0.55,27,43,45,7,0.29,<0.2,0.16,0.32,Sewels_Point_N5,1996,1996-08-13,"Virginia Beach, VA"
301,1.42,92,52,121,28,0.47,0.15,0.13,0.33,Sewels_Point_N5,1996,1996-09-17,"Virginia Beach, VA"
302,0.92,42,52,61,12,0.37,0.07,0.2,0.55,Sewels_Point_N5,1996,1996-12-06,"Virginia Beach, VA"
303,0.84,45,45,49,8,0.21,0.14,<0.05,0.37,Sewels_Point_N5,1997,1997-01-09,"Virginia Beach, VA"
304,1.56,88,64,83,15,0.52,1.13,0.36,0.96,Sewels_Point_N5,1997,1997-07-16,"Virginia Beach, VA"
305,1.67,36,47,62,9,0.28,0.36,0.19,0.49,Sewels_Point_N5,1997,1997-08-21,"Virginia Beach, VA"
306,0.91,78,43,81,20,0.44,0.14,0.19,0.34,Sewels_Point_N5,1997,1997-12-10,"Virginia Beach, VA"
307,0.85,33,52,29,5,0.14,0.27,<0.05,0.45,Sewels_Point_N5,1998,1998-01-23,"Virginia Beach, VA"
308,0.91,25,76,28,13,0.39,<0.2,0.19,0.07,Sewels_Point_N5,1998,1998-09-04,"Virginia Beach, VA"
309,0.66,24,123,44,8,0.21,0.2,<0.05,0.71,Sewels_Point_N5,1999,1999-01-10,"Virginia Beach, VA"
310,0.1,4,148,20,2,0.05,0.18,<0.05,0.79,Sewels_Point_N5,1999,1999-03-10,"Virginia Beach, VA"
311,1.16,43,106,94,20,0.38,<0.05,0.06,0.28,Sewels_Point_N5,1999,1999-05-13,"Virginia Beach, VA"
312,0.29,3,165,5,<1,<0.04,0.07,<0.05,0.88,Sewels_Point_N5,1999,1999-08-14,"Virginia Beach, VA"
313,0.29,3,165,5,<2,<0.05,0.07,<0.05,,Sewels_Point_N5,1999,1999-08-14,"Virginia Beach, VA"
314,1.4,96,81,24,13,0.41,<0.05,0.26,0.35,Sewels_Point_N5,1999,1999-11-02,"Virginia Beach, VA"
315,1.4,96,81,24,13,0.41,<0.05,0.26,,Sewels_Point_N5,1999,1999-11-02,"Virginia Beach, VA"
316,0.53,229,42,28,4,0.09,0.27,<0.04,1.13,Sewels_Point_N5,2000,2000-02-18,"Virginia Beach, VA"
317,0.53,229,42,28,4,0.1,0.27,0.04,,Sewels_Point_N5,2000,2000-02-18,"Virginia Beach, VA"
318,1.69,157,140,118,19,0.06,<0.05,0.64,,Sewels_Point_N5,2000,2000-05-21,"Virginia Beach, VA"
319,0.61,30,44,35,6,0.25,0.09,0.15,,Sewels_Point_N5,2000,2000-06-19,"Virginia Beach, VA"
320,2.7,32,110,75,<2,0.25,0.62,0.11,,Sewels_Point_N5,2001,2001-02-22,"Virginia Beach, VA"
321,0.56,20,56,35,7,0.23,0.16,0.16,,Sewels_Point_N5,2001,2001-05-21,"Virginia Beach, VA"
322,0.97,36,54,45,13,0.38,0.26,0.23,0.65,Glendale_Road_NN1,1996,1996-11-02,"Virginia Beach, VA"
323,2.32,225,56,132,18,0.87,0.09,0.17,0.23,Glendale_Road_NN1,1996,1996-11-26,"Virginia Beach, VA"
324,1.05,99,47,26,4,0.31,0.21,,0.39,Glendale_Road_NN1,1998,1998-02-04,"Virginia Beach, VA"
325,1.59,132,40,64,4,0.4,0.34,0.07,0.37,Glendale_Road_NN1,1998,1998-02-23,"Virginia Beach, VA"
326,3.76,213,54,137,12,0.78,0.22,0.17,0.69,Glendale_Road_NN1,1998,1998-08-10,"Virginia Beach, VA"
327,1.59,169,60,71,8,0.38,0.1,0.11,0.49,Glendale_Road_NN1,1998,1998-08-27,"Virginia Beach, VA"
328,1.4,29,60,60,15,0.43,0.48,0.26,0.84,Glendale_Road_NN1,1998,1998-11-03,"Virginia Beach, VA"
329,2.29,86,151,235,66,1.15,0.3,0.97,0.64,Glendale_Road_NN1,1998,1998-12-09,"Virginia Beach, VA"
330,1.12,29,76,35,6,0.16,0.26,<0.05,0.8,Glendale_Road_NN1,1999,1999-04-02,"Virginia Beach, VA"
331,1.92,231,42,85,6,0.57,0.1,,0.4,Shields_Road_NN2,1996,1996-11-26,"Virginia Beach, VA"
332,1.35,34,67,46,9,0.21,0.32,0.07,1.01,Shields_Road_NN2,1997,1997-08-14,"Virginia Beach, VA"
333,0.72,51,54,17,2,0.12,0.26,,0.65,Shields_Road_NN2,1998,1998-02-04,"Virginia Beach, VA"
334,1.06,61,48,24,3,0.22,0.24,0.08,0.42,Shields_Road_NN2,1998,1998-02-23,"Virginia Beach, VA"
335,1.1,45,49,38,5,0.14,0.31,,0.91,Shields_Road_NN2,1998,1998-06-10,"Virginia Beach, VA"
336,0.43,38,76,42,4,0.13,<0.2,<0.05,0.35,Shields_Road_NN2,1998,1998-08-28,"Virginia Beach, VA"
337,1.03,37,59,30,7,0.29,0.36,0.21,0.83,Shields_Road_NN2,1998,1998-11-03,"Virginia Beach, VA"
338,1.14,39,85,52,14,0.35,0.82,0.24,0.92,Shields_Road_NN2,1998,1998-11-26,"Virginia Beach, VA"
339,1.16,68,,24,5,0.12,0.2,<0.05,0.95,Shields_Road_NN2,1999,1999-04-02,"Virginia Beach, VA"
340,0.94,40,66,19,5,0.14,0.42,<0.05,0.88,Shields_Road_NN2,1999,1999-04-16,"Virginia Beach, VA"
341,0.88,20,29,35,9,0.25,0.37,0.08,0.77,Patrick_Henry_Mall_NN3,1996,1996-11-02,"Virginia Beach, VA"
342,0.61,8,31,48,12,0.15,0.17,0.12,0.38,Patrick_Henry_Mall_NN3,1996,1996-12-01,"Virginia Beach, VA"
343,2.6,56,55,77,12,0.24,1.45,0.09,0.97,Patrick_Henry_Mall_NN3,1997,1997-07-16,"Virginia Beach, VA"
344,2.26,30,88,100,15,0.22,0.1,0.1,0.98,Patrick_Henry_Mall_NN3,1997,1997-08-04,"Virginia Beach, VA"
345,0.75,179,52,23,5,0.34,0.4,,0.21,Patrick_Henry_Mall_NN3,1998,1998-02-04,"Virginia Beach, VA"
346,0.99,153,50,42,9,0.31,0.35,0.08,0.34,Patrick_Henry_Mall_NN3,1998,1998-02-23,"Virginia Beach, VA"
347,2.49,33,49,78,19,0.25,1.13,0.14,1.37,Patrick_Henry_Mall_NN3,1998,1998-06-10,"Virginia Beach, VA"
348,3.06,174,37,143,103,0.59,<0.2,0.09,0.03,Patrick_Henry_Mall_NN3,1998,1998-08-27,"Virginia Beach, VA"
349,1.85,55,71,137,33,0.4,0.6,0.2,0.96,Patrick_Henry_Mall_NN3,1998,1998-11-26,"Virginia Beach, VA"
350,0.6,20,21,46,6,0.08,<0.2,<0.05,0.35,Patrick_Henry_Mall_NN3,1998,1998-12-13,"Virginia Beach, VA"
351,0.83,13,58,48,9,0.12,0.12,<0.05,0.57,Patrick_Henry_Mall_NN3,1999,1999-04-02,"Virginia Beach, VA"
352,1.82,21,120,71,17,0.25,0.79,0.13,1.3,Patrick_Henry_Mall_NN3,1999,1999-04-16,"Virginia Beach, VA"
353,2,196,135,80,15,0.54,0.61,0.05,0.84,Oyster_Point_Park_Jefferson_Ave_NN4,1996,1996-11-02,"Virginia Beach, VA"
354,0.54,37,171,37,6,<0.05,0.16,,0.27,Oyster_Point_Park_Jefferson_Ave_NN4,1996,1996-12-01,"Virginia Beach, VA"
355,6.69,786,126,380,22,3.56,1.3,,1.15,Oyster_Point_Park_Jefferson_Ave_NN4,1997,1997-07-17,"Virginia Beach, VA"
356,1.84,201,51,113,6,0.53,0.39,,0.32,Oyster_Point_Park_Jefferson_Ave_NN4,1997,1997-08-20,"Virginia Beach, VA"
357,0.9,46,88,22,5,0.59,0.36,,0.32,Oyster_Point_Park_Jefferson_Ave_NN4,1998,1998-02-04,"Virginia Beach, VA"
358,0.93,74,97,32,4,0.31,0.77,,0.38,Oyster_Point_Park_Jefferson_Ave_NN4,1998,1998-02-23,"Virginia Beach, VA"
359,2.54,127,84,107,15,0.76,1.24,0.07,1.37,Oyster_Point_Park_Jefferson_Ave_NN4,1998,1998-06-10,"Virginia Beach, VA"
360,5.52,375,56,348,20,2.37,0.3,<0.05,0.47,Oyster_Point_Park_Jefferson_Ave_NN4,1998,1998-08-10,"Virginia Beach, VA"
361,1.34,53,125,69,7,0.19,0.25,<0.05,0.56,Oyster_Point_Park_Jefferson_Ave_NN4,1998,1998-09-04,"Virginia Beach, VA"
362,2.15,41,69,78,14,0.23,1.03,0.07,1.13,Oyster_Point_Park_Jefferson_Ave_NN4,1998,1998-11-03,"Virginia Beach, VA"
363,2.92,201,65,248,26,0.73,1.25,0.06,0.96,Oyster_Point_Park_Jefferson_Ave_NN4,1998,1998-11-26,"Virginia Beach, VA"
364,1.88,166,114,85,12,0.75,0.43,<0.05,0.69,Oyster_Point_Park_Jefferson_Ave_NN4,1999,1999-04-02,"Virginia Beach, VA"
365,1.17,27,150,32,8,0.18,0.6,<0.05,0.51,Oyster_Point_Park_Jefferson_Ave_NN4,1999,1999-04-16,"Virginia Beach, VA"
366,0.63,27,44,32,6,0.16,0.1,0.08,0.48,Oyster_Point_Park_Thimble_Shoals_Blvd_NN5,1996,1996-11-02,"Virginia Beach, VA"
367,0.95,78,50,42,5,0.12,<0.2,,0.24,Oyster_Point_Park_Thimble_Shoals_Blvd_NN5,1996,1996-11-26,"Virginia Beach, VA"
368,0.55,22,52,14,3,0.06,0.33,,0.28,Oyster_Point_Park_Thimble_Shoals_Blvd_NN5,1998,1998-02-04,"Virginia Beach, VA"
369,0.71,49,48,24,4,0.11,0.34,,0.23,Oyster_Point_Park_Thimble_Shoals_Blvd_NN5,1998,1998-02-23,"Virginia Beach, VA"
370,0.54,14,57,37,3,0.09,<0.05,0.07,0.26,Oyster_Point_Park_Thimble_Shoals_Blvd_NN5,1998,1998-08-28,"Virginia Beach, VA"
371,0.94,15,60,50,12,0.27,0.54,0.22,0.77,Oyster_Point_Park_Thimble_Shoals_Blvd_NN5,1998,1998-11-26,"Virginia Beach, VA"
372,0.52,20,35,31,5,0.12,<0.2,0.06,0.33,Oyster_Point_Park_Thimble_Shoals_Blvd_NN5,1998,1998-12-13,"Virginia Beach, VA"
373,1.01,43,65,33,7,0.11,0.19,<0.05,0.41,Oyster_Point_Park_Thimble_Shoals_Blvd_NN5,1999,1999-04-02,"Virginia Beach, VA"
374,2.67,113,126,79,15,0.25,0.64,<0.05,,Oyster_Point_Park_Thimble_Shoals_Blvd_NN5,2000,2000-03-12,"Virginia Beach, VA"
375,0.88,51,76,38,7,0.13,<0.2,<0.05,,Oyster_Point_Park_Thimble_Shoals_Blvd_NN5,2000,2000-03-28,"Virginia Beach, VA"
376,2,93,84,55,6,0.2,0.56,<0.05,,Oyster_Point_Park_Thimble_Shoals_Blvd_NN5,2000,2000-06-06,"Virginia Beach, VA"
377,4.03,141,114,103,27,0.87,0.85,0.14,,Oyster_Point_Park_Thimble_Shoals_Blvd_NN5,2000,2000-06-14,"Virginia Beach, VA"
378,0.8,62,48,39,6,0.18,<0.2,<0.05,,Oyster_Point_Park_Thimble_Shoals_Blvd_NN5,2000,2000-08-18,"Virginia Beach, VA"
379,0.89,23,40,36,3,0.27,0.42,0.07,,Oyster_Point_Park_Thimble_Shoals_Blvd_NN5,2001,2001-02-05,"Virginia Beach, VA"
380,1.36,62,64,47,8,0.16,0.35,0.05,,Oyster_Point_Park_Thimble_Shoals_Blvd_NN5,2001,2001-02-22,"Virginia Beach, VA"
381,1.26,53,110,65,7,0.15,<0.05,<0.05,,Oyster_Point_Park_Thimble_Shoals_Blvd_NN5,2001,2001-03-13,"Virginia Beach, VA"
382,0.84,20,52,40,5,0.07,0.11,<0.05,0.32,Cradock_Shopping_Center_P1,1993,1993-01-16,"Virginia Beach, VA"
383,1.09,56,25,70,31,0.14,0.1,<0.05,0.27,Cradock_Shopping_Center_P1,1993,1993-02-26,"Virginia Beach, VA"
384,1.4,95,62,110,19,0.16,0.14,<0.05,0.28,Cradock_Shopping_Center_P1,1993,1993-03-17,"Virginia Beach, VA"
385,3.03,195,56,200,26,0.51,0.2,0.06,0.43,Cradock_Shopping_Center_P1,1993,1993-04-16,"Virginia Beach, VA"
386,0.48,11,41,30,5,0.07,0.13,<0.05,0.3,Cradock_Shopping_Center_P1,1996,1996-04-06,"Virginia Beach, VA"
387,1.1,28,32,60,8,0.21,<0.2,0.06,0.28,Cradock_Shopping_Center_P1,1996,1996-05-16,"Virginia Beach, VA"
388,0.59,17,69,26,6,0.1,0.15,<0.05,0.18,Cradock_Shopping_Center_P1,1996,1996-10-08,"Virginia Beach, VA"
389,1.23,86,26,84,7,0.22,0.14,<0.05,0.23,Cradock_Shopping_Center_P1,1996,1996-11-26,"Virginia Beach, VA"
390,1.01,40,69,52,7,0.19,0.06,<0.05,0.65,Cradock_Shopping_Center_P1,1997,1997-04-28,"Virginia Beach, VA"
391,2.45,88,3860,108,13,0.31,1.07,<0.05,0.37,Cradock_Shopping_Center_P1,1997,1997-06-01,"Virginia Beach, VA"
392,0.44,22,60,43,5,0.08,0.1,<0.05,0.18,Cradock_Shopping_Center_P1,1997,1997-11-01,"Virginia Beach, VA"
393,1.09,59,53,69,15,0.25,0.63,<0.05,0.37,Cradock_Shopping_Center_P1,1997,1997-11-22,"Virginia Beach, VA"
394,1.2,33,29,49,13,0.18,0.2,<0.05,0.3,Cradock_Shopping_Center_P1,1998,1998-04-09,"Virginia Beach, VA"
395,1.04,38,24,44,7,0.14,0.22,0.05,0.27,Cradock_Shopping_Center_P1,1998,1998-05-01,"Virginia Beach, VA"
396,1.63,20,139,84,18,0.12,0.63,<0.05,0.68,Cradock_Shopping_Center_P1,1999,1999-01-15,"Virginia Beach, VA"
397,1.31,47,383,68,19,0.22,0.87,<0.05,0.8,Cradock_Shopping_Center_P1,1999,1999-02-02,"Virginia Beach, VA"
398,1.47,51,56,33,16,0.26,0.55,0.08,0.55,Cradock_Shopping_Center_P1,1999,1999-04-01,"Virginia Beach, VA"
399,1.35,9,66,50,9,0.16,0.9,0.11,0.82,Cradock_Shopping_Center_P1,1999,1999-05-14,"Virginia Beach, VA"
400,1.18,31,69,60,11,0.19,0.48,<0.05,,Cradock_Shopping_Center_P1,1999,1999-09-28,"Virginia Beach, VA"
401,0.66,10,25,89,4,0.15,0.61,<0.05,,Cradock_Shopping_Center_P1,1999,1999-10-17,"Virginia Beach, VA"
402,0.47,14,11,62,4,0.11,0.08,<0.05,,Cradock_Shopping_Center_P1,1999,1999-12-06,"Virginia Beach, VA"
403,2.73,23,513,54,13,0.21,0.74,<0.05,,Cradock_Shopping_Center_P1,2000,2000-06-19,"Virginia Beach, VA"
404,2.17,23,3190,83,16,0.18,1.04,<0.05,,Cradock_Shopping_Center_P1,2000,2000-07-15,"Virginia Beach, VA"
405,0.43,7,76,37,12,0.22,0.36,0.15,,Cradock_Shopping_Center_P1,2000,2000-12-14,"Virginia Beach, VA"
406,1.2,29,107,50,9,0.12,0.34,0.06,,Cradock_Shopping_Center_P1,2001,2001-02-22,"Virginia Beach, VA"
407,1.19,45,63,60,13,0.09,0.11,<0.05,0.36,West_Park_Homes_P2,1993,1993-02-26,"Virginia Beach, VA"
408,2.6,353,57,150,14,0.92,<0.2,<0.05,0.32,West_Park_Homes_P2,1993,1993-03-17,"Virginia Beach, VA"
409,2.51,178.0,62.0,150.0,21,0.24,0.12,<0.05,0.34,West_Park_Homes_P2,1993,1993-04-16,"Virginia Beach, VA"
410,1.07,12.0,43.0,50.0,6,0.14,0.23,0.07,0.42,West_Park_Homes_P2,1996,1996-04-06,"Virginia Beach, VA"
411,1.79,55.0,60.0,100.0,12,0.34,<0.2,0.11,0.34,West_Park_Homes_P2,1996,1996-04-30,"Virginia Beach, VA"
412,0.51,18.0,27.0,26.0,5,0.19,<0.2,0.07,0.13,West_Park_Homes_P2,1996,1996-10-08,"Virginia Beach, VA"
413,1.03,35.0,51.0,47.0,29,0.3,0.28,0.14,0.62,West_Park_Homes_P2,1996,1996-11-02,"Virginia Beach, VA"
414,1.43,43.0,71.0,61.0,8,0.28,1.28,0.08,0.56,West_Park_Homes_P2,1997,1997-04-28,"Virginia Beach, VA"
415,1.39,40.0,53.0,80.0,13,0.35,0.48,0.17,0.4,West_Park_Homes_P2,1997,1997-05-13,"Virginia Beach, VA"
416,0.68,35.0,122.0,51.0,7,0.19,0.07,0.09,0.18,West_Park_Homes_P2,1997,1997-11-01,"Virginia Beach, VA"
417,1.05,55.0,40.0,75.0,11,0.29,0.48,0.1,0.35,West_Park_Homes_P2,1997,1997-11-22,"Virginia Beach, VA"
418,1.47,41.0,63.0,53.0,7,0.23,0.1,0.07,0.33,West_Park_Homes_P2,1998,1998-04-09,"Virginia Beach, VA"
419,1.24,29.0,43.0,52.0,11,0.24,0.62,0.11,0.35,West_Park_Homes_P2,1998,1998-05-01,"Virginia Beach, VA"
420,0.69,18.0,129.0,38.0,7,0.11,0.26,<0.05,0.94,West_Park_Homes_P2,1999,1999-01-10,"Virginia Beach, VA"
421,0.41,19.0,76.0,32.0,5,0.14,0.23,0.05,0.44,West_Park_Homes_P2,1999,1999-02-02,"Virginia Beach, VA"
422,1.15,13.0,87.0,62.0,10,0.15,0.27,0.07,0.47,West_Park_Homes_P2,1999,1999-04-01,"Virginia Beach, VA"
423,0.69,6.0,52.0,18.0,3,0.12,0.22,0.08,0.34,West_Park_Homes_P2,1999,1999-06-20,"Virginia Beach, VA"
424,1.62,19.0,57.0,94.0,10,0.53,1.12,0.13,,West_Park_Homes_P2,1999,1999-10-17,"Virginia Beach, VA"
425,1.45,37.0,70.0,82.0,20,0.45,0.22,0.07,,West_Park_Homes_P2,1999,1999-12-06,"Virginia Beach, VA"
426,1.57,14.0,92.0,69.0,9,0.16,0.38,0.08,,West_Park_Homes_P2,2000,2000-04-25,"Virginia Beach, VA"
427,1.55,10.0,84.0,42.0,8,0.12,<0.05,<0.05,,West_Park_Homes_P2,2000,2000-06-04,"Virginia Beach, VA"
428,0.5,4.0,179.0,20.0,7,0.06,0.13,<0.05,,West_Park_Homes_P2,2000,2000-09-18,"Virginia Beach, VA"
429,<0.05,191.0,7.0,13.0,2,<0.05,<0.05,<0.05,,West_Park_Homes_P2,2000,2000-11-17,"Virginia Beach, VA"
430,1.26,21.0,74.0,45.0,12,0.11,0.22,<0.05,1.1,Church_Land_Shopping_Center_P3,1993,1993-01-16,"Virginia Beach, VA"
431,0.8,33.0,127.0,50.0,8,0.09,0.18,<0.05,0.38,Church_Land_Shopping_Center_P3,1993,1993-02-26,"Virginia Beach, VA"
432,1.18,59.0,87.0,100.0,19,0.21,0.08,0.06,0.34,Church_Land_Shopping_Center_P3,1993,1993-03-17,"Virginia Beach, VA"
433,2.55,154.0,43.0,140.0,23,0.57,<0.2,0.11,0.36,Church_Land_Shopping_Center_P3,1996,1996-04-16,"Virginia Beach, VA"
434,1.15,46.0,58.0,75.0,9,0.21,0.08,0.09,0.26,Church_Land_Shopping_Center_P3,1996,1996-04-30,"Virginia Beach, VA"
435,0.79,13.0,57.0,37.0,7,0.21,0.19,0.09,0.33,Church_Land_Shopping_Center_P3,1996,1996-10-07,"Virginia Beach, VA"
436,0.92,46.0,61.0,62.0,11,0.22,0.1,<0.05,0.39,Church_Land_Shopping_Center_P3,1996,1996-11-26,"Virginia Beach, VA"
437,0.94,26.0,61.0,57.0,10,0.2,<0.2,0.08,0.63,Church_Land_Shopping_Center_P3,1997,1997-04-28,"Virginia Beach, VA"
438,1.85,23.0,52.0,60.0,10,0.24,0.31,0.12,0.45,Church_Land_Shopping_Center_P3,1997,1997-05-13,"Virginia Beach, VA"
439,3,20.0,359.0,168.0,22,0.4,1.07,0.24,2.52,Church_Land_Shopping_Center_P3,1997,1997-10-16,"Virginia Beach, VA"
440,0.64,33.0,61.0,30.0,6,0.16,0.4,0.06,0.42,Church_Land_Shopping_Center_P3,1997,1997-11-07,"Virginia Beach, VA"
441,1.71,41.0,60.0,55.0,13,0.34,0.3,0.14,0.48,Church_Land_Shopping_Center_P3,1998,1998-04-09,"Virginia Beach, VA"
442,1.91,41.0,58.0,67.0,13,0.3,0.54,0.13,0.68,Church_Land_Shopping_Center_P3,1998,1998-05-01,"Virginia Beach, VA"
443,0.47,27.0,32.0,47.0,6,0.14,0.13,0.09,0.23,Church_Land_Shopping_Center_P3,1999,1999-01-15,"Virginia Beach, VA"
444,0.8,19.0,60.0,33.0,8,0.71,0.41,<0.05,0.44,Church_Land_Shopping_Center_P3,1999,1999-02-02,"Virginia Beach, VA"
445,1.27,30.0,91.0,96.0,13,0.21,0.39,0.06,0.6,Church_Land_Shopping_Center_P3,1999,1999-04-02,"Virginia Beach, VA"
446,1.92,62.0,116.0,115.0,21,0.38,0.79,0.1,1.04,Church_Land_Shopping_Center_P3,1999,1999-05-14,"Virginia Beach, VA"
447,1.15,9.0,64.0,66.0,11,0.27,0.29,0.11,,Church_Land_Shopping_Center_P3,1999,1999-09-28,"Virginia Beach, VA"
448,1.18,4.0,62.0,65.0,12,0.29,0.89,0.12,,Church_Land_Shopping_Center_P3,1999,1999-10-17,"Virginia Beach, VA"
449,0.71,19.0,56.0,93.0,15,0.19,0.18,0.1,,Church_Land_Shopping_Center_P3,1999,1999-12-06,"Virginia Beach, VA"
450,1.44,20.0,74.0,46.0,10,0.16,0.46,<0.05,,Church_Land_Shopping_Center_P3,2000,2000-04-25,"Virginia Beach, VA"
451,2.74,32.0,63.0,71.0,17,0.68,0.76,0.43,,Church_Land_Shopping_Center_P3,2000,2000-07-15,"Virginia Beach, VA"
452,0.34,22.0,54.0,45.0,13,0.25,0.32,0.09,,Church_Land_Shopping_Center_P3,2000,2000-12-14,"Virginia Beach, VA"
453,0.65,29.0,27.0,20.0,5,0.11,0.12,<0.05,0.27,Edgefield_Apartments_P4,1992,1992-12-20,"Virginia Beach, VA"
454,0.72,27.0,53.0,30.0,6,0.15,0.1,<0.05,0.49,Edgefield_Apartments_P4,1993,1993-02-26,"Virginia Beach, VA"
455,1.04,71.0,42.0,50.0,10,0.31,<0.2,<0.05,0.28,Edgefield_Apartments_P4,1993,1993-03-17,"Virginia Beach, VA"
456,2.18,105.0,52.0,90.0,18,0.66,<0.2,0.29,0.45,Edgefield_Apartments_P4,1996,1996-04-16,"Virginia Beach, VA"
457,1.15,52.0,55.0,70.0,9,0.27,<0.2,0.14,0.32,Edgefield_Apartments_P4,1996,1996-04-30,"Virginia Beach, VA"
458,0.86,38.0,44.0,40.0,7,0.47,0.05,0.36,0.3,Edgefield_Apartments_P4,1996,1996-10-19,"Virginia Beach, VA"
459,0.6,49.0,40.0,60.0,9,0.26,0.05,<0.05,0.34,Edgefield_Apartments_P4,1996,1996-11-26,"Virginia Beach, VA"
460,0.97,57.0,45.0,60.0,9,0.36,0.08,<0.05,0.4,Edgefield_Apartments_P4,1997,1997-04-22,"Virginia Beach, VA"
461,1.26,70.0,59.0,77.0,12,0.34,0.2,0.09,0.4,Edgefield_Apartments_P4,1997,1997-05-13,"Virginia Beach, VA"
462,0.62,23.0,53.0,25.0,7,0.2,0.08,0.11,0.26,Edgefield_Apartments_P4,1997,1997-11-07,"Virginia Beach, VA"
463,0.84,44.0,37.0,43.0,9,0.29,0.36,0.05,0.43,Edgefield_Apartments_P4,1997,1997-12-10,"Virginia Beach, VA"
464,1.62,61.0,42.0,57.0,13,0.52,0.23,0.3,0.44,Edgefield_Apartments_P4,1998,1998-04-17,"Virginia Beach, VA"
465,1.28,55.0,44.0,60.0,8,0.27,0.14,0.09,0.37,Edgefield_Apartments_P4,1998,1998-05-04,"Virginia Beach, VA"
466,0.71,18.0,105.0,29.0,8,0.08,0.15,<0.05,0.79,Edgefield_Apartments_P4,1999,1999-01-09,"Virginia Beach, VA"
467,0.49,21.0,66.0,21.0,6,0.19,0.24,<0.05,0.65,Edgefield_Apartments_P4,1999,1999-02-02,"Virginia Beach, VA"
468,0.71,54.0,69.0,45.0,7,0.25,0.13,0.15,0.25,Edgefield_Apartments_P4,1999,1999-06-13,"Virginia Beach, VA"
469,1.08,9.0,76.0,36.0,5,0.55,0.17,0.45,0.56,Edgefield_Apartments_P4,1999,1999-06-20,"Virginia Beach, VA"
470,1.52,61.0,82.0,79.0,16,0.53,0.39,0.18,,Edgefield_Apartments_P4,1999,1999-09-28,"Virginia Beach, VA"
471,1.13,35.0,65.0,68.0,14,0.45,0.17,0.11,,Edgefield_Apartments_P4,1999,1999-10-17,"Virginia Beach, VA"
472,0.64,18.0,73.0,34.0,9,0.21,0.1,0.1,,Edgefield_Apartments_P4,1999,1999-12-06,"Virginia Beach, VA"
473,0.9,23.0,52.0,70.0,15,0.22,0.21,<0.05,,Edgefield_Apartments_P4,2000,2000-01-04,"Virginia Beach, VA"
474,1.17,32.0,69.0,48.0,8,0.2,0.25,<0.05,,Edgefield_Apartments_P4,2000,2000-04-25,"Virginia Beach, VA"
475,2.6,51.0,68.0,88.0,22,1.21,0.67,1,,Edgefield_Apartments_P4,2000,2000-07-15,"Virginia Beach, VA"
476,0.72,19.0,142.0,19.0,14,0.25,0.18,<0.05,,Edgefield_Apartments_P4,2000,2000-12-14,"Virginia Beach, VA"
477,0.65,26.0,25.0,10.0,4,0.08,0.09,<0.05,0.33,South_Hampton_P5,1992,1992-12-20,"Virginia Beach, VA"
478,0.51,28.0,55.0,20.0,6,0.06,0.1,<0.05,0.38,South_Hampton_P5,1993,1993-02-26,"Virginia Beach, VA"
479,0.83,64.0,59.0,60.0,4,0.16,<0.2,<0.05,0.32,South_Hampton_P5,1993,1993-03-17,"Virginia Beach, VA"
480,2.44,124.0,45.0,110.0,15,0.56,0.3,0.23,0.36,South_Hampton_P5,1996,1996-04-16,"Virginia Beach, VA"
481,0.36,12.0,26.0,19.0,3,0.21,0.09,0.2,0.14,South_Hampton_P5,1996,1996-10-07,"Virginia Beach, VA"
482,0.47,10.0,30.0,41.0,5,0.2,0.27,0.14,0.61,South_Hampton_P5,1996,1996-11-02,"Virginia Beach, VA"
483,7.23,82.0,145.0,150.0,89,1.26,0.72,0.84,1.61,South_Hampton_P5,1997,1997-04-06,"Virginia Beach, VA"
484,1.54,9.0,80.0,32.0,7,0.24,0.88,0.18,0.98,South_Hampton_P5,1997,1997-04-28,"Virginia Beach, VA"
485,2.04,40.0,51.0,51.0,9,0.44,0.49,0.19,0.49,South_Hampton_P5,1997,1997-05-13,"Virginia Beach, VA"
486,0.41,18.0,154.0,21.0,3,0.19,<0.2,0.14,0.15,South_Hampton_P5,1997,1997-11-01,"Virginia Beach, VA"
487,0.61,10.0,42.0,51.0,22,0.28,<0.2,0.22,0.2,South_Hampton_P5,1997,1997-11-30,"Virginia Beach, VA"
488,1.11,21.0,109.0,26.0,8,0.18,0.15,0.08,1.57,South_Hampton_P5,1998,1998-04-09,"Virginia Beach, VA"
489,2.41,20.0,66.0,39.0,10,0.32,0.57,0.22,0.9,South_Hampton_P5,1998,1998-05-01,"Virginia Beach, VA"
490,0.68,20.0,88.0,32.0,7,0.19,0.18,0.08,0.93,South_Hampton_P5,1999,1999-01-09,"Virginia Beach, VA"
491,0.6,25.0,56.0,16.0,4,0.18,0.2,<0.05,0.5,South_Hampton_P5,1999,1999-02-02,"Virginia Beach, VA"
492,1.18,17.0,46.0,64.0,12,0.26,0.29,0.13,0.66,South_Hampton_P5,1999,1999-04-01,"Virginia Beach, VA"
493,1.06,10.0,44.0,48.0,7,0.27,0.51,0.15,0.08,South_Hampton_P5,1999,1999-05-23,"Virginia Beach, VA"
494,1.24,31.0,35.0,55.0,10,0.45,0.28,0.26,,South_Hampton_P5,1999,1999-10-17,"Virginia Beach, VA"
495,0.91,19.0,39.0,41.0,10,0.27,0.14,0.16,,South_Hampton_P5,1999,1999-12-06,"Virginia Beach, VA"
496,1.15,6.0,30.0,23.0,5,0.15,0.19,0.11,,South_Hampton_P5,2000,2000-06-04,"Virginia Beach, VA"
497,3.39,15.0,67.0,59.0,18,1.02,0.62,0.88,,South_Hampton_P5,2000,2000-06-15,"Virginia Beach, VA"
498,2.24,10.0,86.0,53.0,9,0.27,0.6,0.19,,South_Hampton_P5,2000,2000-06-19,"Virginia Beach, VA"
499,0.75,14.0,90.0,50.0,23,0.28,0.17,0.16,,South_Hampton_P5,2000,2000-12-14,"Virginia Beach, VA"
500,2.12,75.0,75.0,,69,0.47,0.27,0.25,0.24,Bow_Creek_V1,1992,1992-03-26,"Virginia Beach, VA"
501,2.55,99.0,99.0,63.0,28,0.8,0.75,0.31,0.04,Bow_Creek_V1,1992,1992-05-26,"Virginia Beach, VA"
502,2.22,25.0,25.0,75.0,10,0.3,0.33,0.13,0.8,Bow_Creek_V1,1992,1992-07-22,"Virginia Beach, VA"
503,1.64,57.0,57.0,53.0,12,0.37,0.29,0.19,0.36,Bow_Creek_V1,1992,1992-07-27,"Virginia Beach, VA"
504,1.32,44.0,92.0,90.0,22,0.6,0.27,0.46,1.01,Bow_Creek_V1,1994,1994-11-16,"Virginia Beach, VA"
505,3.93,525.0,53.0,230.0,13,1.01,0.06,0.28,0.17,Bow_Creek_V1,1995,1995-01-07,"Virginia Beach, VA"
506,1.41,61.0,81.0,75.0,8,0.38,0.15,0.22,0.22,Bow_Creek_V1,1995,1995-01-16,"Virginia Beach, VA"
507,3.48,82.0,86.0,150.0,35,0.72,0.83,0.47,0.59,Bow_Creek_V1,1995,1995-04-13,"Virginia Beach, VA"
508,5.72,823.0,48.0,220.0,12,1.27,0.47,0.15,0.51,Bow_Creek_V1,1995,1995-06-12,"Virginia Beach, VA"
509,1.49,100.0,47.0,75.0,9,0.47,0.1,0.3,0.62,Bow_Creek_V1,1995,1995-07-21,"Virginia Beach, VA"
510,2.38,191.0,59.0,93.0,5,0.56,,0.16,0.38,Bow_Creek_V1,1997,1997-02-14,"Virginia Beach, VA"
511,1.9,183.0,73.0,114.0,7,0.51,0.71,0.18,0.41,Bow_Creek_V1,1997,1997-03-14,"Virginia Beach, VA"
512,2.07,62.0,132.0,65.0,17,0.36,0.19,0.15,0.82,Bow_Creek_V1,1997,1997-04-28,"Virginia Beach, VA"
513,1.81,191.0,108.0,116.0,14,0.53,0.78,0.17,0.93,Bow_Creek_V1,1997,1997-06-14,"Virginia Beach, VA"
514,2.78,337.0,91.0,348.0,21,0.99,1.35,0.37,0.98,Bow_Creek_V1,1997,1997-07-16,"Virginia Beach, VA"
515,2.99,52.0,62.0,83.0,17,0.83,0.81,0.65,1.08,Bow_Creek_V1,1997,1997-08-14,"Virginia Beach, VA"
516,1.2,7.0,126.0,61.0,8,0.2,0.16,0.12,0.42,Bow_Creek_V1,1997,1997-09-11,"Virginia Beach, VA"
517,0.98,36.0,53.0,40.0,5,0.34,0.13,0.22,0.41,Bow_Creek_V1,1997,1997-11-01,"Virginia Beach, VA"
518,1.29,86.0,50.0,93.0,15,0.51,0.25,0.3,0.24,Bow_Creek_V1,1997,1997-12-10,"Virginia Beach, VA"
519,1.03,50.0,61.0,34.0,4,0.27,0.31,0.18,0.41,Bow_Creek_V1,1998,1998-01-23,"Virginia Beach, VA"
520,1.29,65.0,180.0,54.0,9,0.24,0.34,0.06,0.32,Bow_Creek_V1,1998,1998-02-12,"Virginia Beach, VA"
521,1.99,51.0,62.0,77.0,11,0.42,0.62,0.21,0.72,Bow_Creek_V1,1998,1998-07-05,"Virginia Beach, VA"
522,2.07,118.0,70.0,91.0,22,0.5,0.57,0.3,0.93,Bow_Creek_V1,1998,1998-07-23,"Virginia Beach, VA"
523,3.1,46.0,154.0,166.0,26,0.7,0.8,0.52,0.83,Bow_Creek_V1,1998,1998-08-11,"Virginia Beach, VA"
524,1.77,85.0,88.0,80.0,11,0.46,0.64,0.08,0.87,Bow_Creek_V1,1999,1999-02-12,"Virginia Beach, VA"
525,1.88,49.0,69.0,57.0,8,0.34,0.52,0.18,0.65,Bow_Creek_V1,1999,1999-02-28,"Virginia Beach, VA"
526,1,12.0,65.0,37.0,6,0.32,0.22,0.22,,Bow_Creek_V1,1999,1999-08-25,"Virginia Beach, VA"
527,1.39,26.0,109.0,51.0,9,0.21,0.53,0.06,,Bow_Creek_V1,2000,2000-02-12,"Virginia Beach, VA"
528,1.21,12.0,114.0,50.0,6,0.19,0.33,0.07,,Bow_Creek_V1,2000,2000-03-21,"Virginia Beach, VA"
529,3.16,22.0,92.0,66.0,19,0.9,0.89,0.74,,Bow_Creek_V1,2000,2000-07-15,"Virginia Beach, VA"
530,0.83,41.0,149.0,70.0,7,0.14,0.05,<0.05,<0.1,Salem_Road_V2,1992,1992-05-07,"Virginia Beach, VA"
531,1.8,63.0,115.0,60.0,11,0.36,0.07,<0.05,0.06,Salem_Road_V2,1992,1992-07-18,"Virginia Beach, VA"
532,1.01,44.0,91.0,50.0,8,0.16,0.05,<0.05,0.03,Salem_Road_V2,1992,1992-09-28,"Virginia Beach, VA"
533,1.43,50.0,160.0,50.0,6,0.21,0.06,0.09,0.05,Salem_Road_V2,1994,1994-11-16,"Virginia Beach, VA"
534,1.21,45.0,117.0,40.0,4,0.2,<0.2,<0.05,0.04,Salem_Road_V2,1995,1995-01-07,"Virginia Beach, VA"
535,2.23,61.0,110.0,50.0,6,0.28,0.1,0.06,0.06,Salem_Road_V2,1995,1995-01-16,"Virginia Beach, VA"
536,1.6,68.0,113.0,80.0,4,0.37,0.13,<0.05,0.1,Salem_Road_V2,1995,1995-01-20,"Virginia Beach, VA"
537,1.69,55.0,100.0,40.0,5,0.23,<0.2,<0.05,0.07,Salem_Road_V2,1995,1995-02-15,"Virginia Beach, VA"
538,2.68,54.0,130.0,50.0,9,0.23,0.1,<0.05,0.1,Salem_Road_V2,1995,1995-04-24,"Virginia Beach, VA"
539,1.85,126.0,132.0,80.0,7,0.31,0.09,0.06,0.03,Salem_Road_V2,1995,1995-05-19,"Virginia Beach, VA"
540,1.67,72.0,112.0,60.0,6,0.29,<0.2,0.06,0.04,Salem_Road_V2,1995,1995-06-12,"Virginia Beach, VA"
541,1.76,73.0,100.0,80.0,8,0.3,<0.2,0.08,0.07,Salem_Road_V2,1995,1995-09-22,"Virginia Beach, VA"
542,1.2,51.0,91.0,60.0,5,0.23,<0.2,0.05,0.07,Salem_Road_V2,1995,1995-10-14,"Virginia Beach, VA"
543,1.8,65.0,89.0,50.0,6,0.2,<0.2,<0.05,<0.1,Salem_Road_V2,1995,1995-11-01,"Virginia Beach, VA"
544,1.26,50.0,114.0,80.0,5,0.09,<0.2,<0.05,0.03,Salem_Road_V2,1995,1995-12-07,"Virginia Beach, VA"
545,1.27,26.0,110.0,37.0,4,0.19,<0.2,0.05,0.01,Salem_Road_V2,1996,1996-01-03,"Virginia Beach, VA"
546,1.55,30.0,116.0,44.0,4,0.22,<0.2,<0.05,0.04,Salem_Road_V2,1996,1996-06-24,"Virginia Beach, VA"
547,0.87,46.0,82.0,50.0,6,0.24,<0.2,0.06,0.09,Salem_Road_V2,1996,1996-08-13,"Virginia Beach, VA"
548,1.85,62.0,97.0,60.0,6,0.24,<0.2,<0.05,0.04,Salem_Road_V2,1996,1996-09-17,"Virginia Beach, VA"
549,1.08,30.0,110.0,45.0,6,0.13,<0.2,<0.05,0.14,Salem_Road_V2,1996,1996-12-06,"Virginia Beach, VA"
550,2.22,70.0,206.0,41.0,6,0.31,0.26,<0.05,0.08,Salem_Road_V2,1996,1996-12-31,"Virginia Beach, VA"
551,1.81,84.0,107.0,62.0,10,0.22,0.05,<0.05,0.02,Salem_Road_V2,1997,1997-09-28,"Virginia Beach, VA"
552,1.89,52.0,123.0,40.0,10,0.27,0.22,<0.05,0.03,Salem_Road_V2,1998,1998-01-13,"Virginia Beach, VA"
553,1.02,44.0,117.0,18.0,4,0.21,0.23,0.05,0.12,Salem_Road_V2,1998,1998-02-04,"Virginia Beach, VA"
554,1.83,47.0,102.0,46.0,7,0.24,<0.2,<0.05,0.01,Salem_Road_V2,1998,1998-04-09,"Virginia Beach, VA"
555,1.15,69.0,105.0,55.0,9,0.24,0.27,<0.05,0.22,Salem_Road_V2,1998,1998-07-05,"Virginia Beach, VA"
556,1.49,85.0,104.0,32.0,6,0.24,<0.2,0.06,0.09,Salem_Road_V2,1998,1998-09-04,"Virginia Beach, VA"
557,1.17,58.0,118.0,29.0,4,0.23,0.12,<0.05,0.22,Salem_Road_V2,1999,1999-02-02,"Virginia Beach, VA"
558,1.68,79.0,110.0,36.0,8,0.23,<0.2,<0.05,0.03,Salem_Road_V2,1999,1999-02-18,"Virginia Beach, VA"
559,1.42,42.0,76.0,41.0,7,0.19,0.2,<0.05,,Salem_Road_V2,1999,1999-08-25,"Virginia Beach, VA"
560,1.37,35.0,88.0,15.0,5,0.24,0.29,0.13,,Salem_Road_V2,1999,1999-09-15,"Virginia Beach, VA"
561,1.43,75.0,114.0,32.0,7,0.15,0.22,<0.05,,Salem_Road_V2,2000,2000-02-12,"Virginia Beach, VA"
562,1.27,53.0,144.0,42.0,7,0.18,0.2,<0.05,,Salem_Road_V2,2000,2000-03-17,"Virginia Beach, VA"
563,1.56,58.0,107.0,43.0,8,0.21,<0.05,<0.05,,Salem_Road_V2,2000,2000-09-19,"Virginia Beach, VA"
564,0.85,15.0,98.0,35.0,6,0.07,0.23,<0.05,,Salem_Road_V2,2000,2000-12-11,"Virginia Beach, VA"
565,1.18,51.0,109.0,43.0,9,0.24,<0.05,<0.05,,Salem_Road_V2,2001,2001-03-16,"Virginia Beach, VA"
566,4.01,122.0,97.0,275.0,48,0.76,0.23,0.12,1.75,Haygood_V3,1992,1992-04-12,"Virginia Beach, VA"
567,0.67,10.0,21.0,30.0,8,0.15,0.13,0.08,0.39,Haygood_V3,1992,1992-05-30,"Virginia Beach, VA"
568,1,16.0,21.0,50.0,9,0.26,0.18,0.12,0.71,Haygood_V3,1992,1992-07-01,"Virginia Beach, VA"
569,5.38,26.0,66.0,110.0,12,1.76,2.26,1.16,1.06,Haygood_V3,1992,1992-09-19,"Virginia Beach, VA"
570,1.42,11.0,118.0,55.0,10,0.41,0.95,0.34,0.53,Haygood_V3,1994,1994-09-22,"Virginia Beach, VA"
571,7.76,33.0,115.0,165.0,36,1.26,1.53,1.17,2.06,Haygood_V3,1994,1994-11-10,"Virginia Beach, VA"
572,0.97,30.0,42.0,40.0,4,0.25,0.31,0.14,0.09,Haygood_V3,1994,1994-11-16,"Virginia Beach, VA"
573,1.85,15.0,51.0,27.0,16,0.25,0.87,0.15,0.74,Haygood_V3,1994,1994-12-11,"Virginia Beach, VA"
574,2.32,27.0,54.0,88.0,21,0.28,1.32,0.19,0.61,Haygood_V3,1995,1995-01-01,"Virginia Beach, VA"
575,1.73,28.0,32.0,63.0,10,0.26,0.93,0.21,0.56,Haygood_V3,1995,1995-02-04,"Virginia Beach, VA"
576,2.7,50.0,43.0,90.0,17,0.37,1.09,0.23,0.96,Haygood_V3,1995,1995-04-24,"Virginia Beach, VA"
577,2.15,71.0,27.0,90.0,10,0.32,0.58,0.2,0.63,Haygood_V3,1995,1995-05-10,"Virginia Beach, VA"
578,1.8,175.0,46.0,125.0,15,0.41,0.39,0.14,0.65,Haygood_V3,1995,1995-06-12,"Virginia Beach, VA"
579,3.86,22.0,154.0,185.0,36,0.81,1.16,0.53,1.27,Haygood_V3,1995,1995-08-28,"Virginia Beach, VA"
580,2.3,35.0,71.0,120.0,15,0.78,0.6,0.58,0.83,Haygood_V3,1995,1995-10-04,"Virginia Beach, VA"
581,1.39,21.0,51.0,75.0,14,0.43,0.6,0.42,0.44,Haygood_V3,1995,1995-10-21,"Virginia Beach, VA"
582,1.14,15.0,19.0,50.0,12,0.17,0.38,0.18,0.27,Haygood_V3,1995,1995-11-07,"Virginia Beach, VA"
583,1.25,22.0,34.0,65.0,12,0.29,0.71,0.14,0.39,Haygood_V3,1995,1995-12-07,"Virginia Beach, VA"
584,13.01,43.0,79.0,180.0,25,0.58,4.09,0.39,2.48,Haygood_V3,1996,1996-01-19,"Virginia Beach, VA"
585,1.15,72.0,28.0,60.0,8,0.27,0.57,0.13,0.47,Haygood_V3,1996,1996-06-18,"Virginia Beach, VA"
586,0.38,12.0,30.0,60.0,8,0.21,0.2,0.15,0.43,Haygood_V3,1996,1996-08-13,"Virginia Beach, VA"
587,0.91,19.0,58.0,49.0,6,0.22,0.37,0.16,0.3,Haygood_V3,1996,1996-09-06,"Virginia Beach, VA"
588,1.53,42.0,36.0,45.0,7,0.37,0.24,0.15,0.61,Haygood_V3,1996,1996-12-06,"Virginia Beach, VA"
589,0.71,13.0,26.0,38.0,7,0.15,0.2,0.13,0.4,Haygood_V3,1997,1997-01-09,"Virginia Beach, VA"
590,3.06,40.0,77.0,82.0,17,0.51,1.2,0.36,1.28,Haygood_V3,1997,1997-07-10,"Virginia Beach, VA"
591,2,27.0,56.0,85.0,16,0.21,0.79,0.16,2.47,Haygood_V3,1997,1997-07-30,"Virginia Beach, VA"
592,0.98,18.0,20.0,62.0,19,0.15,0.57,0.1,0.38,Haygood_V3,1997,1997-12-10,"Virginia Beach, VA"
593,1.9,41.0,62.0,69.0,18,0.36,0.97,0.31,1.14,Haygood_V3,1998,1998-01-13,"Virginia Beach, VA"
594,1.84,33.0,36.0,77.0,15,0.33,0.83,0.27,0.72,Haygood_V3,1998,1998-07-16,"Virginia Beach, VA"
595,1.04,8.0,36.0,57.0,8,0.23,0.29,0.2,0.77,Haygood_V3,1998,1998-08-16,"Virginia Beach, VA"
596,1.06,8.0,24.0,43.0,8,0.2,0.61,0.14,0.55,Haygood_V3,1999,1999-02-13,"Virginia Beach, VA"
597,1.11,12.0,16.0,58.0,7,0.22,0.61,0.16,0.44,Haygood_V3,1999,1999-02-28,"Virginia Beach, VA"
598,2.44,12.0,114.0,117.0,25,0.81,1.69,0.71,,Haygood_V3,1999,1999-08-20,"Virginia Beach, VA"
599,2.44,10.0,84.0,80.0,31,0.64,0.95,0.55,,Haygood_V3,1999,1999-09-15,"Virginia Beach, VA"
600,1.27,15.0,40.0,72.0,17,0.33,0.48,0.26,,Haygood_V3,1999,1999-12-06,"Virginia Beach, VA"
601,2.59,34.0,25.0,108.0,24,0.51,1.41,0.39,,Haygood_V3,2000,2000-02-12,"Virginia Beach, VA"
602,1.54,11.0,84.0,65.0,13,0.34,0.59,0.29,,Haygood_V3,2000,2000-07-15,"Virginia Beach, VA"
603,2.38,90.0,86.0,89.0,18,0.44,1,0.23,,Haygood_V3,2001,2001-01-30,"Virginia Beach, VA"
604,0.8,28.0,106.0,50.0,7,0.13,,<0.05,0.04,Viking_Drive_V4,1992,1992-05-07,"Virginia Beach, VA"
605,0.87,15.0,43.0,70.0,16,0.17,0.23,0.05,0.03,Viking_Drive_V4,1992,1992-05-26,"Virginia Beach, VA"
606,0.55,12.0,37.0,35.0,6,0.12,0.2,<0.05,0.35,Viking_Drive_V4,1992,1992-07-27,"Virginia Beach, VA"
607,0.33,25.0,28.0,10.0,3,0.86,0.29,0.09,0.09,Viking_Drive_V4,1992,1992-10-04,"Virginia Beach, VA"
608,1.32,32.0,73.0,50.0,8,0.44,0.28,0.28,0.29,Viking_Drive_V4,1994,1994-09-22,"Virginia Beach, VA"
609,1.47,40.0,72.0,75.0,17,0.26,0.38,0.13,0.62,Viking_Drive_V4,1994,1994-11-16,"Virginia Beach, VA"
610,0.86,157.0,20.0,70.0,5,0.25,<0.2,<0.05,0.36,Viking_Drive_V4,1995,1995-01-07,"Virginia Beach, VA"
611,0.94,41.0,84.0,63.0,5,0.17,<0.2,0.07,0.21,Viking_Drive_V4,1995,1995-01-16,"Virginia Beach, VA"
612,0.86,29.0,29.0,50.0,5,0.14,0.35,0.12,0.53,Viking_Drive_V4,1995,1995-02-05,"Virginia Beach, VA"
613,3.35,90.0,48.0,110.0,22,0.41,1.01,0.19,1.22,Viking_Drive_V4,1995,1995-04-24,"Virginia Beach, VA"
614,1.38,63.0,35.0,60.0,6,0.16,0.35,0.06,0.64,Viking_Drive_V4,1995,1995-05-10,"Virginia Beach, VA"
615,1.42,82.0,29.0,60.0,8,0.18,0.47,0.08,0.46,Viking_Drive_V4,1995,1995-06-12,"Virginia Beach, VA"
616,4.2,196.0,26.0,150.0,14,0.41,1.1,0.27,1.23,Viking_Drive_V4,1995,1995-08-27,"Virginia Beach, VA"
617,1.84,29.0,7.0,50.0,4,0.25,0.63,0.11,0.34,Viking_Drive_V4,1995,1995-09-22,"Virginia Beach, VA"
618,0.56,47.0,25.0,50.0,5,0.08,0.06,<0.05,0.28,Viking_Drive_V4,1995,1995-10-14,"Virginia Beach, VA"
619,0.79,18.0,40.0,75.0,16,0.16,0.35,0.08,0.55,Viking_Drive_V4,1995,1995-12-07,"Virginia Beach, VA"
620,0.71,17.0,53.0,70.0,8,0.14,0.34,0.1,0.73,Viking_Drive_V4,1996,1996-08-13,"Virginia Beach, VA"
621,0.75,29.0,59.0,53.0,5,0.07,0.28,<0.05,0.3,Viking_Drive_V4,1996,1996-09-06,"Virginia Beach, VA"
622,0.74,28.0,22.0,54.0,7,<0.06,0.08,<0.05,0.7,Viking_Drive_V4,1996,1996-12-06,"Virginia Beach, VA"
623,1.05,69.0,30.0,67.0,5,0.12,0.11,<0.05,0.26,Viking_Drive_V4,1997,1997-01-16,"Virginia Beach, VA"
624,1.31,40.0,44.0,66.0,11,0.23,1.1,0.13,0.69,Viking_Drive_V4,1997,1997-07-16,"Virginia Beach, VA"
625,1.16,36.0,36.0,68.0,10,0.23,0.56,0.19,0.8,Viking_Drive_V4,1997,1997-08-14,"Virginia Beach, VA"
626,0.49,26.0,20.0,53.0,7,0.1,0.17,0.05,0.29,Viking_Drive_V4,1997,1997-12-10,"Virginia Beach, VA"
627,0.84,29.0,27.0,34.0,5,0.09,0.27,0.07,0.59,Viking_Drive_V4,1998,1998-01-13,"Virginia Beach, VA"
628,1.19,25.0,41.0,53.0,11,0.15,0.42,0.11,0.82,Viking_Drive_V4,1998,1998-07-23,"Virginia Beach, VA"
629,1.3,12.0,68.0,59.0,12,0.23,0.49,0.17,0.84,Viking_Drive_V4,1998,1998-08-16,"Virginia Beach, VA"
630,1.5,7.0,82.0,30.0,8,0.12,0.79,0.06,2.36,Viking_Drive_V4,1999,1999-02-26,"Virginia Beach, VA"
631,0.56,3.0,48.0,28.0,7,0.12,0.3,0.08,0.73,Viking_Drive_V4,1999,1999-03-10,"Virginia Beach, VA"
632,0.66,15.0,37.0,40.0,5,0.07,0.4,<0.05,0.89,Viking_Drive_V4,1999,1999-03-14,"Virginia Beach, VA"
633,0.93,55.0,7.0,44.0,8,0.13,0.27,0.09,,Viking_Drive_V4,1999,1999-08-25,"Virginia Beach, VA"
634,0.58,17.0,28.0,12.0,5,0.08,0.2,<0.05,,Viking_Drive_V4,1999,1999-09-15,"Virginia Beach, VA"
635,1.66,13.0,115.0,71.0,19,0.19,0.73,0.12,,Viking_Drive_V4,1999,1999-12-06,"Virginia Beach, VA"
636,0.62,5.0,54.0,22.0,5,0.08,0.47,<0.05,,Viking_Drive_V4,2000,2000-02-18,"Virginia Beach, VA"
637,1.99,9.0,84.0,61.0,13,0.15,0.73,0.08,,Viking_Drive_V4,2000,2000-07-19,"Virginia Beach, VA"
638,0.79,9.0,33.0,31.0,6,0.07,0.46,<0.05,,Viking_Drive_V4,2001,2001-01-30,"Virginia Beach, VA"
639,2.54,35.0,89.0,73.0,12,0.2,0.12,<0.05,0.13,Holland_Road_V5,1992,1992-06-26,"Virginia Beach, VA"
640,1.61,43.0,55.0,140.0,71,0.28,0.07,0.06,0.34,Holland_Road_V5,1992,1992-08-11,"Virginia Beach, VA"
641,0.95,13.0,77.0,35.0,5,0.18,0.12,0.11,0.15,Holland_Road_V5,1995,1995-01-01,"Virginia Beach, VA"
642,1.2,17.0,56.0,38.0,6,0.17,<0.2,<0.05,0.16,Holland_Road_V5,1995,1995-01-03,"Virginia Beach, VA"
643,1.53,30.0,71.0,40.0,6,0.17,0.09,0.07,0.13,Holland_Road_V5,1995,1995-01-07,"Virginia Beach, VA"
644,1.37,27.0,72.0,40.0,7,0.15,0.09,<0.05,0.07,Holland_Road_V5,1995,1995-01-16,"Virginia Beach, VA"
645,1.32,43.0,63.0,90.0,4,0.22,0.17,0.06,0.12,Holland_Road_V5,1995,1995-01-20,"Virginia Beach, VA"
646,1.47,29.0,77.0,40.0,6,0.17,<0.2,<0.05,0.1,Holland_Road_V5,1995,1995-02-04,"Virginia Beach, VA"
647,1.15,19.0,97.0,40.0,5,0.13,0.06,<0.05,0.08,Holland_Road_V5,1995,1995-03-21,"Virginia Beach, VA"
648,1.62,28.0,106.0,35.0,6,0.16,0.16,<0.05,0.13,Holland_Road_V5,1995,1995-04-24,"Virginia Beach, VA"
649,1.46,86.0,7.0,43.0,7,0.16,<0.2,<0.05,0.03,Holland_Road_V5,1995,1995-05-19,"Virginia Beach, VA"
650,1.84,39.0,65.0,50.0,6,0.31,<0.2,0.07,0.11,Holland_Road_V5,1995,1995-09-22,"Virginia Beach, VA"
651,1.61,60.0,63.0,60.0,7,0.26,<0.2,<0.05,0.13,Holland_Road_V5,1995,1995-10-14,"Virginia Beach, VA"
652,1.87,123.0,50.0,54.0,7,0.28,0.23,0.09,0.26,Holland_Road_V5,1996,1996-06-20,"Virginia Beach, VA"
653,1.76,59.0,54.0,50.0,,0.28,<0.2,<0.05,0.07,Holland_Road_V5,1996,1996-07-12,"Virginia Beach, VA"
654,1.47,34.0,88.0,57.0,7,0.16,<0.2,<0.05,0.05,Holland_Road_V5,1996,1996-09-17,"Virginia Beach, VA"
655,0.82,18.0,99.0,33.0,5,0.13,<0.2,<0.05,0.2,Holland_Road_V5,1996,1996-12-06,"Virginia Beach, VA"
656,0.83,11.0,111.0,24.0,5,0.09,<0.2,<0.05,0.15,Holland_Road_V5,1997,1997-01-10,"Virginia Beach, VA"
657,2.09,59.0,102.0,68.0,12,0.35,0.64,0.12,0.36,Holland_Road_V5,1997,1997-07-16,"Virginia Beach, VA"
658,2.43,47.0,82.0,64.0,16,0.35,0.06,<0.05,0.25,Holland_Road_V5,1997,1997-08-15,"Virginia Beach, VA"
659,0.8,11.0,60.0,27.0,7,0.13,0.34,<0.05,0.03,Holland_Road_V5,1997,1997-12-11,"Virginia Beach, VA"
660,0.71,12.0,66.0,16.0,4,0.13,0.5,<0.05,0.36,Holland_Road_V5,1998,1998-01-23,"Virginia Beach, VA"
661,1.79,41.0,68.0,49.0,10,0.23,<0.2,<0.05,0.06,Holland_Road_V5,1998,1998-07-16,"Virginia Beach, VA"
662,2.88,46.0,73.0,80.0,13,0.29,0.44,<0.05,0.04,Holland_Road_V5,1998,1998-08-11,"Virginia Beach, VA"
663,1.45,27.0,89.0,32.0,9,0.14,0.09,<0.05,0.08,Holland_Road_V5,1999,1999-02-18,"Virginia Beach, VA"
664,0.82,18.0,78.0,32.0,6,0.14,0.09,<0.05,0.2,Holland_Road_V5,1999,1999-03-14,"Virginia Beach, VA"
665,1.18,21.0,51.0,29.0,6,0.24,0.2,<0.05,,Holland_Road_V5,1999,1999-08-25,"Virginia Beach, VA"
666,1.07,18.0,80.0,18.0,8,0.14,0.2,<0.05,,Holland_Road_V5,1999,1999-09-15,"Virginia Beach, VA"
667,0.55,27.0,170.0,20.0,5,0.12,0.1,<0.05,,Holland_Road_V5,2000,2000-02-18,"Virginia Beach, VA"
668,0.69,18.0,206.0,20.0,4,0.1,0.2,<0.05,,Holland_Road_V5,2000,2000-03-17,"Virginia Beach, VA"
669,2.49,38.0,126.0,47.0,11,0.24,0.44,0.06,,Holland_Road_V5,2000,2000-07-15,"Virginia Beach, VA"
670,1.2,9.0,108.0,38.0,6,0.07,0.13,<0.05,,Holland_Road_V5,2000,2000-12-11,"Virginia Beach, VA"
